question,A,B,C,D,E,answer
头针治疗眩晕可取：____,额中线、额旁1线,顶中线‘额旁1线,顶中线‘枕下旁线,顶中线、枕上旁线,枕上正中线‘枕下旁线,C
下列胸穴在五行配属中，属金的是：____,少府,大陵,阳溪,后溪,经渠,C
在肾经上，又属郡穴的穴位是____,交信,温溜,都门,天井,复溜,A
手少阴经行于____,太阴，心主之前,太阴，心主之后,循胸肋,络脑,上胃,B
前额两发角之间的骨度分寸是____,12寸,9寸,8寸,6寸,5寸,B
前额头痛按辩证归经应属____,少阳头痛,阳明头痛,太阳头痛,厥阴头痛,少阴头痛,B
手太阴支脉直出次指____,前缘,后缘,内廉,外廉,以上都不是,C
下列穴位除一外，都是治疗眩晕的基本处方用穴：____,百会,风池,头维,大敦,绝骨,D
在八脉交会穴中，通于冲脉的穴位是____,列缺,公孙,内关,商丘,后溪,B
胆经的下合穴是____,光明,阳陵泉,委中,委阳,悬钟,B
男，60岁。胃院部疼痛隐隐，痛处喜按，空腹痛甚，纳后痛减，泛吐清水，大便澹薄，乏力，恶寒，手足不温，舌淡，苔薄白，脉虚弱。针灸时选____,足三里、中皖‘内关‘太冲、期门,足三里‘中月完‘内关‘胃俞‘神阙,足三里、中月完、内关、梁门、  天枢,足三里‘中院\内关\膻中‘膈俞,足三里、中皖、内关、神阙、脾俞、胃俞,E
肾阳亏虚型崩漏的治则是____,只针不灸，泻法,针灸并用，平补平泻,只针不灸，补法,只针不灸，平补乎泻,针灸并用，补法,E
治疗寒凝血瘀型痛经的处方是____,关元、三阴交‘地机‘十七椎、次髅、中极、归来,关元、三阴交‘合谷‘太冲‘次髅、中极、命门,关元、三阴交、足三里、胃俞、命门、次醪、十七椎,关元、三阴交‘足三里、太冲、肾俞、命门、中极,关元、血海、  三阴交、足三里、脾俞、肾俞、中极,A
心俞位于____,第4胸椎棘突下，旁开3寸,平第4胸椎棘突下，旁开3寸,第5胸椎棘突下，旁开1.5寸,平第8胸椎棘突下，旁开3寸,第5胸椎棘突下，旁开1.5寸,C
慢性腹泻病人，于黎明之前腹中微痛，肠鸣即泻，泻后痛减，腹部恶寒，腰膝酸软，舌淡，苔白，脉沉细。针灸时选____,神阙‘天枢‘大肠俞‘上巨虚、阴陵泉‘关元‘水分,神阙‘天枢‘大肠俞‘上巨虚‘阴陵泉‘内庭‘曲池,神阙、天枢‘大肠俞‘上巨虚、阴陵泉‘中皖‘建里,神阙、天枢、大肠俞、上巨虚‘阴陵泉‘肝俞、太冲,神阙、天枢、大肠俞‘上巨虚‘阴陵泉‘肾俞‘命门‘关元,E
太溪穴归____,肝经,心经,脾经,肾经,胆经,D
足临泣为八脉交会穴，同与脉____,阳踽脉,阴篇脉,带脉,冲脉,督脉,C
腹正中线旁开0.5寸是____,肺经,肝经,胃经,脾经,肾经,E
漏肩风除取主穴外手少阳证应配____,外关,合谷,后溪,内关,列缺,A
与督脉交于巅的阴经是____,肺经,心经,肾经,肝经,脾经,D
女，57岁。昨天因外感风寒后，出现咳嗽，呼吸急促，喉间痰鸣，咳吐稀痰，张口抬肩，口不渴，苔薄白，脉浮紧。针灸时选____,列缺、  肺俞、合谷、风门,肺俞、太渊‘太溪‘足三里‘列缺,肺俞‘尺泽‘足三里‘三阴交,膻中‘太渊‘太溪、鱼际,尺泽、肾俞‘气海‘足三里,A
中风中经络的针灸基本处方为：____,内关、极泉‘尺泽‘委中‘三阴交、足三里,百会、神阙‘关元‘足三里、内关,气海、关元‘丰隆‘委中‘三阴交,神门、内关、大陵、三阴交、足三里,神阙、关元、委中、太溪、昆仑,A
通里穴在腕横纹上____,0.5寸,1寸,1.5寸,2寸,2.5寸,B
痛经及崩漏针灸治疗均以取经穴为主____,任脉、足太阴经穴,冲脉‘足太阴经穴,任脉、足少阴经穴,冲脉、足少阴经穴,任脉‘足厥阴经穴,A
心包经的五输穴中的合穴是____,内关,间使,曲泽,曲池,少海,C
“客主人”是指____,上关,下关,太阳,头维,颊车,A
在手少阴心经循行线上，位于腕横纹上的穴位是____,神门,灵道,通里,风门、少商、曲池、合谷,列缺、合谷、大椎、风池‘太阳、曲池、外关,A
下列即是络穴，又是八脉交会穴的是____,阳池,支沟,外关,中渚,会宗,C
头穴中，枕下旁线主治下列哪类疾病____,皮层性视力障碍、白内障、近视眼,小脑疾病引起的平衡障碍、后头痛,偏头痛‘耳鸣、耳聋‘眩晕,癫痫‘精神失常,眼病‘足癣,B
针灸治疗面瘫的基本处方为：____,阳白、四白、颊车、地仓‘翳风‘颤髅,翳风、颤醪、合谷、太冲、  丰隆,阳白、四白、颊车、地仓、  翳风‘列缺,颊车‘地仓‘翳风‘额醪‘大陵,阳白、四白、颊车、地仓、翳风、颤髅、合谷,E
眩晕治疗基本处方中，除一外，都为近部取穴，疏调头部气机以治疗眩晕____,百会,绝骨,风池,头维,太阳,B
阳池穴与支沟穴相距为____,2寸,1寸,3寸,4寸,1.5寸,C
属于手太阳经穴位的是____,肩骨禺,肩井,肩髅,肩贞,巨骨,D
腰痛中肾虚腰痛除取主穴外还应当配____,昆仑,腰阳关,命门、后溪,志室、太溪,腰眼,D
用于治疗痔疮、脱肛的经外奇穴是____,中魁,二白,肘尖,四缝,外劳宫,B
十二经脉中，主血所生病的经脉是____,手太阴肺经,手阳明大肠经,足阳明胃经,任脉,肝经,C
下院在上腹部，前正中线上，脐中上寸____,2,3,4,5,1,A
在舐部，横平第4般后孔，舐正中崎旁开3寸是____,大肠俞,肾俞,志室,次髅,秩边,E
足阳明胃经在足跑部的支脉是从：____,膝下3寸处分出,三里下3寸出分出,巨虚上廉下3寸处分出,巨虚下廉3寸处分出,膝下8寸处分出,A
合谷与合称四关穴____,外关,内关,阳陵泉,太冲,涌泉,D
在腹部从前正中线由内向外，经脉的排列顺序为____,任脉‘足阳明胃经、足太阴脾经、足少阴肾经,任脉、足少阴肾经、足阳明胃经‘足太阴脾经,任脉‘足太阴脾经、足阳明胃经、足少阴肾经,任脉‘足少阴肾经、足太阴脾经、足阳明胃经,任脉‘足少阴肾经‘足厥阴肝经、足太阴脾经,B
以下穴位中，既是络穴，又是八脉交会穴的是____,前谷,足临泣,丰隆,后溪,公孙,E
命门位于后正中线上，第腰椎棘突下凹陷中____,2,4,3,1,5,A
复溜位于____,水泉上1寸,照海下1寸,太溪上2寸,三阴交下2寸,交信前1寸,C
落枕疼痛以督脉，太阳经为主要表现时除主穴外应加用____,太溪肾俞,天宗,肩井外关,后溪昆仑,肩骨禺,D
外关为手少阳三焦经的八脉交会穴，通于____,冲脉,任脉,阴维脉,督脉,阳维脉,E
心包的募穴是____,巨阙,膻中,气海,关元,天突,B
手太阴之别名曰____,通里,列缺,内关,太渊,以上都不是,B
足内踝前下方，当舟骨结节与内踝连线中点的穴位是____,中封,然谷,商丘,解溪,太白,C
第11胸椎棘突下，旁开1.5寸的穴位是____,肝俞,胆俞,脾俞,肓F号,胞肓,C
从四肢走向头身的经络，下列哪项是不正确的____,手三阴经,十二经别,十二经筋,足三阴经,手三阳,A
二间穴位于____,原穴,络穴,下合穴,经穴,荥穴,E
然谷穴属____,肝经,脾经,肾经,膀胱经,胆经,C
治疗中风闭证，除选太冲、劳宫外还应为：____,百会,水沟,下关,中冲,丰隆,B
有通便作用的穴位是____,飞扬,承山,支沟,阳谷,小海,C
位于外踝尖于跟腱之间凹陷处的穴位是____,商丘,解溪,大钟,地五会,昆仑,E
至阳位于后正中线上，第胸椎棘突下凹陷中____,6,5,7,9,4,C
治疗气血瘀滞型痛经，可在基本处方的基础上加用____,脾俞、足三里,太冲、血海,膈俞‘血海,脾俞‘膈俞,太冲、太溪,B
分布于上肢外侧后面的经脉是____,小肠经,膀胱经,胃经,三焦经,大肠经,A
心经与下列何经相表里____,脾经,大肠经,小肠,三焦,肾,C
按十二经脉的流注次序，小肠经流注于____,膀胱经,胆经,三焦经,心经,胃经,A
手三阳经的循行走向是____,从胸走手,从腹走手,从手走头,从头走足,从足走腹,C
足厥阴肝经与足太阴脾经循行交叉变换前中位置，是在____,外踝上8寸处,内踝上2寸处,内踝上3寸处,内踝上5寸处,内踝上8寸处,E
手少阳三焦经与足少阳胆经的交接部位是____,目内眦,目外眦,鼻旁,足大趾内端,足大趾外端,B
十二经脉的交接中，阴经与阳经交接的部位是____,腹部,胸部,头部,手足末端,下肢部,D
任脉的生理作用主要是____,通调冲、任,调节任、督,总调奇经八脉,调节阴经经气,总调冲、任、督、带,D
督脉的生理作用主要是____,调节阳经经气,调节督脉、任脉,调节冲、任、督、带,总调奇经八脉,总调冲、任、督脉,A
被称为“十二经之海”的经脉是____,跷脉,维脉,冲脉,任脉,督脉,C
经络学说中的“血海”，指的是____,足阳明胃经,督脉,冲脉,任脉,足太阴脾经,C
在奇经八脉中，治疗多眠，常选用____,阴维脉,阳维脉,冲脉,阴跷脉,阳跷脉,D
下列除哪项外，均为十五脉络的分布特点____,十二经的别络走向相表里的经脉,十二经的别络从本经四肢肘膝关节以下的络穴分出,向心性循环,任脉别络从鸠尾分出后散布于腹部,督脉别络从长强分出后散布于头,C
十二经筋是指____,经络系统中能够联结筋肉、骨骼的部分,联属于十二正经，行于体表不入内脏的一部分经脉,十二经脉之气结聚散络于筋肉关节的体系,能够保持人体正常运动功能部分的经脉,经脉中与肌肉系统关系较密切的部分,C
经络学说的临床应用正确的是____,指导辨证归经、针灸治疗,指导辨证论治,指导临床用药,指导用药剂量,指导辨别病变部位,A
腧穴可分为哪三大类____,经穴，奇穴，阿是穴,经穴，奇穴，特定穴,十二经穴，经外奇穴，阿是穴,经穴，络穴，奇穴,经穴，络穴，阿是穴,A
属于经外奇穴的是____,八风,四白,环跳,期门,神庭,A
针刺睛明、承泣、四白治疗眼疾属于腧穴的____,远治作用,近治作用,特殊作用,抗御病邪作用,运行气血作用,B
针刺合谷穴治疗颈部和头部疾病属于腧穴的____,远治作用,近治作用,特殊作用,抗御病邪作用,运行气血作用,A
针刺足三里既能治疗腹泻又能治疗便秘是腧穴的____,远治作用,近治作用,双向调节作用,抗御病邪作用,运行气血作用,C
足三阴经腧穴主治相同的病证是____,胃肠病,咽喉病,头面病,阴病,耳病,D
以下不是特定穴的是____,五输穴,阿是穴,原穴,络穴,俞穴,B
治疗表里经疾病，络穴常与什么穴配伍____,郄穴,原穴,俞穴,募穴,合穴,B
脏腑之气汇聚于胸腹部的腧穴是____,原穴,络穴,八会穴,背俞穴,募穴,E
八会穴是指哪些精气所会聚的腧穴____,气、血、脑、髓、筋、脉、胆、女子胞,脏、腑、经、脉、气、血、阴、阳,脏、腑、气、血、筋、脉、骨、髓,气、血、脑、髓、津、神、脉、络,脑、髓、脏、腑、脉、胆、筋、骨,C
下列特性穴中，治疗急性病症应首先选用____,原穴,俞穴,八会穴,八脉交会穴,郄穴,E
身热多取五腧穴中的____,井穴,荥穴,输穴,经穴,合穴,B
八脉交会穴与阳跷脉相通的经穴是____,列缺,外关,后溪,照海,申脉,E
根据“子母补泻法”，肾经实证应取____,阴谷,复溜,然谷,太溪,涌泉,E
患儿，女，10岁。阵发性右上腹绞痛，伴恶心呕吐，腹部平软。用特定穴治疗，应首选____,原穴,络穴,背俞穴,郄穴,下合穴,D
前两额发角之间的骨度分寸是____,9寸,8寸,12寸,13寸,16寸,A
下列骨度分寸错误的是____,每一肋骨间折作1.4寸,第11肋端至股骨大转子为9寸,左右缺盆穴之间的宽度是8寸,歧骨至横骨上廉为13寸,腋以下至季胁作12寸,A
与冲脉交会最多的经脉是____,任脉,阴维脉,足阳明胃经,足少阴肾经,足厥阴肝经,D
足阳明胃经的主干经止于____,足大趾,足次趾,足中趾,足四趾,足小趾,B
有关复溜穴的内容，错误的是____,主治热病汗出不止,足少阴经经穴,主治热病无汗,孕妇禁用,五行属金,C
在三角窝后1/3上部的耳穴是____,神门,交感,肾上腺,皮质下,内生殖器,A
治疗血热内扰型崩漏，除针刺主穴外，还可加用____,脾俞、足三里,行间、血海,肾俞、太溪,中脘、足三里,丰隆、阴陵泉,B
治疗痄腮常用____,直接灸,温针灸,灯火灸,间接灸,天灸,C
下列经脉排列中，没有按照十二经脉流注的次序的是____,大肠经、胃经、脾经,心经、小肠经、肾经,胆经、肝经、肺经,肾经、心包经、三焦经,三焦经、胆经、肝经,B
针灸治疗急惊风的主穴方是____,大椎、神门、命门,印堂、行间、合谷,百会、气海、足三里,百会、神门、命门,太冲、水沟、合谷、印堂,E
痄腮症见高热者在基本方的基础上加____,人中、十宣,内关、太冲,大椎、商阳,曲泉、人中,太冲、曲泉,C
足少阳胆经位于小腿部的穴位，在腓骨后缘的是____,阳交、光明,阳交、外丘,外丘、光明,光明、悬钟,以上都不对,E
足少阴经“出于然骨之下”的“然骨”指的是____,趾骨,跗骨,趾骨底,趾跗关节,舟骨粗隆,E
感冒、风疹首选穴为____,上星,百会,大椎,身柱,风府,C
在足舟骨粗隆下缘凹陷处的穴位是____,公孙,京骨,然谷,冲阳,太白,C
具有调节肢体运动和司眼睑开合功能的经脉是____,任脉与督脉,阴维脉与阳维脉,阴跷脉与阳跷脉,足少阳经与足厥阴肝经,足太阳膀胱经,C
行痹的治疗除在病变局部选穴外，可再加____,膈俞、血海,阴陵泉、足三里,大椎、曲池,肾俞、关元,风池、百会,A
关于中医学“证”的正确表述是____,疾病所表现的症状及体征,对疾病症状与体征的调查过程,对疾病症状与体征的分析过程,疾病过程中某一阶段的病理概括,阴阳失调的具体表现,D
中医诊治疾病主要根据的是____,疾病,症状,体征,证候,病因,D
“阴亢者胜之以阳”说明阴阳之间的关系是____,对立制约,互根互用,相互交感,消长平衡,相互转化,A
阴阳属性的相对性主要表现是____,重阴必阳，重阳必阴,阴中求阳，阳中求阴,阴中有阳，阳中有阴,阴转化为阳，阳转化为阴,阴阳相互转化和无限可分,E
五脏分阴阳，肺的阴阳属性是____,阳中之阳,阳中之阴,阴中之阳,阴中之阴,阴中之至阴,B
四时阴阳的消长变化，从冬至到立春所属的是____,阴消阳长,重阴必阳,阴长阳消,重阳必阴,由阳转阴,A
“阴平阳秘，精神乃治”依据的阴阳关系是____,相互转化,互根互用,消长平衡,对立制约,交感互藏,D
用阴阳学说来说明人体的组织结构，下列说法不准确的是____,内为阴，外为阳,背为阴，腹为阳,五脏属阴，六腑属阳,下部为阴，上部为阳,心肺属阳，肝脾肾属阴,B
下列关于五行生克规律的表述，正确的是____,木为土之所胜,木为水之子,火为土之子,水为火之所胜,金为木之所胜,B
“泻南补北”法适用的病理变化是____,肾阴虚而相火妄动,心阴虚而心阳亢,肾阴虚而心火旺,肾阴虚而肝阳亢,肾阳虚而心火越,C
下列关于五行生克规律的叙述，错误的是____,木为水之子,火为土之母,木为金之所胜,水为土之所胜,木为土之所不胜,C
下列各项，属于相侮传变的是____,肺病及肾,肺病及心,肺病及肝,肺病及脾,肺病及胃,B
下列各项，属子病及母的是____,肝病及肾,肝病及肺,肝病及心,肝病及脾,肝病及胃,A
下列各项，属于“母病及子”的是____,心病及肾,脾病及肺,肝病及脾,心病及肝,肺病及心,B
脾为“气血生化之源”的理论基础是____,气能生血,人以水谷为本,脾主升清,脾能运化水谷,脾为后天之本,D
大怒主要影响的是____,呼吸功能,疏泄功能,藏精功能,气化功能,运化功能,B
下列各项，与观察心主血脉生理功能关系不密切的是____,面色,舌色,爪色,脉象,虚里,C
生理功能表现为气血互用关系的两脏是____,心与肺,肝与肾,肺与脾,脾与肝,肺与肝,A
称肾为“气之根”的主要依据是____,肾藏精,肾主水,肾主纳气,肾精化生元气,肾主化气行水,D
区别五脏、六腑、奇恒之腑的主要依据是____,解剖形态的差异,生理功能的差异,经脉络属的有无,所在部位的不同,阴阳属性的差异,B
天癸的产生主要取决于____,肾精的充盈,脾气的健运,肾阳的蒸化,肝血的充足,肾阴的滋养,A
五脏中有“娇脏”之称的是____,肝,心,脾,肺,肾,D
肺主行水所依赖的是____,主一身之气,司呼吸之气,宣发与肃降,主朝百脉,主治节,C
生理功能表现为气机升降的脏腑关系是____,心与肺,肺与肝,肝与脾,脾与肾,心与肾,C
具有“喜燥恶湿”特性的脏腑是____,肝,脾,胃,肾,肺,E
称为“决渎之官”的脏腑是____,膀胱,三焦,大肠,小肠,命门,B
脏腑关系中，“水火既济”指的是____,肝与肾,心与肾,肝与脾,肺与脾,肺与肝,B
水谷精微中的精粹部分所生成的气是____,元气,宗气,营气,卫气,中气,C
行于脉外的气是____,元气,宗气,营气,卫气,经气,D
清气与水谷之气结合所生成的是____,元气,宗气,营气,卫气,浊气,B
营气的作用主要是____,润泽肌肤,化生血液,温煦内脏,充养脑髓,化生神志,B
表现为与语言、声音、呼吸关系最为密切的是____,元气,肺气,宗气,中气,心气,C
与津液生成关系最密切的脏腑是____,脾、肾、小肠、三焦,脾、肝、肾、三焦,肺、肾、三焦、小肠,胃、脾、小肠、大肠,心、肾、小肠、膀胱,D
治疗大出血时，用益气固脱之法，其理论依据是____,气能生血,气能行血,气能摄血,血能载气,血能生气,C
津液化为汗液排出体外，主要依靠的是____,心主血脉,肺主宣发,肾主气化,肝主疏泄,脾主统摄,B
经络系统中，与脏腑有直接络属关系的是____,经脉,络脉,十五别络,十二经脉,奇经八脉,D
舌尖红而生点刺，往往提示____,心火炽盛,肝胆火盛,风热犯肺,胃肠热盛,肾阴虚火旺,A
舌嫩体胖而有齿痕属于____,气血两虚,阴虚内热,脾虚湿阻,邪热入营,痰热内阻,C
舌体强硬而苔厚腻属于____,痰蒙心神,湿阻心神,风痰阻络,心火亢盛,邪热炽盛,C
吐弄舌的主病是____,气血两虚,热扰心神,肝风内动,心脾有热,阴虚火旺,D
舌苔黄厚而腻，多为____,风寒表证,食滞,湿热,瘀血,津液亏虚,C
热渐盛而津渐伤在舌象上常有的变化是____,舌苔由白转黄,舌光无苔,舌苔由润变燥,舌苔由薄变厚,舌苔焦黑起裂,C
八纲作为辨证的主要内容，实际形成于____,《内经》,《伤寒论》,《景岳全书》,《医宗金鉴》,《伤寒质难》,A
表证最常见于____,太阳病证,上焦病证,皮肤浅表部位的病变,内伤杂病,外感病初期,E
有关表里证的说法中，不正确的是____,病位在皮毛、肌肉、经络、气血、息道者属表,病位在脏腑、精髓者属里,病位在经络有表里之分,病位在脏腑有表里之分,表证多见于外感病的初起阶段,A
病人先有恶寒发热，继而恶寒消失，反恶热，伴有口渴喜饮，舌红苔黄，脉洪数，证属____,表寒里热,风热犯肺,表里同病,寒证化热,表邪入里,E
热证的临床表现中，不正确的是____,发热或恶热,舌干少津,面赤或颧红,蜷卧喜静,大便燥结,D
辨寒热的意义是____,辨病因,辨病性,辨病位,辨邪正关系,辨标本缓急,B
下列属于寒证常见病因的是____,阳邪亢盛,暑邪亢盛,阴液亏损,阳气亏损,风热袭表,D
下列脉象阴证少见的是____,沉,迟,细,无力,滑,E
两颧潮红，见于____,虚阳上越,阳虚发热,阴虚内热,阳明实热,心火亢盛,C
阳虚与气虚的主要区别是____,有无神疲乏力,有无少气懒言,寒象是否明显,舌质是否淡嫩,小便是否清长,C
下列各项，不属于实证表现的是____,腹痛拒按,畏寒,恶寒,壮热,舌苔厚腻,B
“寒包火”证属于____,表实寒里虚热证,表实寒里实热证,表虚寒里实热证,表虚寒里虚热证,表里俱寒证,B
表虚，主要是指____,风热表虚证,伤风表虚证,有汗之表证,卫表不固证,太阳中风证,D
某些疾病容易出现证候真假的阶段是____,初期阶段,极期阶段,危重阶段,传变阶段,末期阶段,C
导致真实假虚的病因病机，错误的是____,热结胃肠,痰食壅积,湿热内蕴,瘀血停蓄,气机不畅,E
下列各项，不属于病性辨证内容的是____,辨六淫证候,辨津液证候,辨情志证候,辨卫气营血证,辨阴阳虚损证,D
最常见的风淫证候是____,咳嗽、咽痛,鼻塞、流涕,面浮、肢肿,恶风微热汗出、脉浮缓,眩晕，抽搐,D
阳虚可导致的病理变化，不包括的是____,气滞,血瘀,血热,水泛,痰饮,C
下列疼痛特点不属血瘀证的是____,刺痛,痛处固定不移,夜间疼痛加重,面色青紫,时轻时重,E
患者出现咳嗽气喘，痰多色白质稀，胸闷，证属____,饮停于心,饮停于肺,饮停于胸胁,饮停于肠胃,饮停于四肢,B
与气虚兼并的虚证，少见的是____,气虚髓亏,津气亏虚,气阴两虚,气血两虚,阳气亏虚,A
属于气滞临床表现的是____,面色萎黄,咽干盗汗,神疲乏力,舌淡胖,头胀痛多随情绪发生变化,E
血虚多见的脏腑是____,心和脾,肝和脾,心和肾,心和肝,脾和肾,D
大失血所致的气脱，称为____,阳气虚脱证,气不摄血证,亡阳证,血虚气脱证,气随血脱证,E
瘀血疼痛的特点是____,隐痛,窜痛,重痛,刺痛,胀痛,D
患者手足冷痛，月经延期，行经时少腹拘急疼痛，月经色紫暗有血块，脉沉弦迟，证属____,血瘀证,血寒证,血虚证,气滞血瘀证,血热证,B
血热证的表现不包括____,月经量多而色淡,身热面赤而发斑,肌肤生疮疖疔痈,温热病之血分证,迫血妄行而出血,A
饮停胸胁，症见胸胁饱满，咳嗽时牵引作痛，此属____,痰饮,支饮,悬饮,溢饮,腹水,C
津液亏虚证与燥证的区别是____,前为津亏，后为液脱,前属内燥，后属外燥,前属阴虚，后属血虚,前者伤津轻，后者伤津重,前者病势急，后者病势缓,B
心脉痹阻证中，若以心胸刺痛为特征的属于____,热郁心脉,瘀阻心脉,寒凝心脉,痰阻心脉,气滞心脉,B
下列各项，不属于脾病中常见症状的是____,腹胀腹痛,出血,浮肿,泄泻,恶心嗳气,E
胃脘冷痛喜按，吐清水，口淡不渴，舌淡嫩，脉沉迟无力，属于____,胃阳虚证,脾阳虚证,寒湿困脾证,寒滞胃肠证,食滞胃脘,A
但坐不得卧，卧则气逆属于____,肺胀咳喘或水气凌心,气血不足,肝风内动,肾不纳气,中气下陷,A
心气虚、心阳虚、心血虚、心阴虚四证的共同临床表现是____,心痛,心烦,失眠,健忘,心悸,E
下列各项，不属于痰蒙心神证表现的是____,神情痴呆,惊悸失眠,意识模糊,喃喃自语,举止失常,B
诊断心阴虚证，与心悸同见，最有意义的是____,头晕,面白,健忘,失眠,舌红少苔,E
痰火扰神证中，与神昏同见的是____,溲赤便秘,渴喜冷饮,舌红苔黄腻,高热抽搐,脉象细数,C
心气虚证与心阳虚证最主要的共见症状是____,面白神疲,脉细无力,舌质淡白,形寒肢冷,心悸气短,E
鉴别心阳虚证与心阳虚脱证最有意义的是____,是否面白神疲,有无肢厥脉微,是否舌质淡白,有无心悸怔忡,有无形寒肢冷,B
一般不会出现失眠的是____,心阳虚证,心血虚证,痰火扰神证,心阴虚证,心火亢盛证,A
患者咳嗽胸闷，痰多而稀，色白易咯，苔白腻，脉滑，辨证为____,燥邪犯肺,热邪壅肺,风寒犯肺,痰湿阻肺,肺气虚证,D
燥邪犯肺证与肺阴虚证的共同症状是____,微恶风寒,潮热盗汗,两颧潮红,干咳少痰,脉浮紧,D
风寒犯肺证与风热犯肺证的共同特点是____,咳嗽气喘,鼻流清涕,身痛无汗,咳痰稀白,咽喉肿痛,A
下列各项，不属于痰热壅肺表现的是____,咳痰黄稠,鼻流清涕,气喘息粗,吐脓血痰,溲赤便秘,B
下列各项，不是直接导致肺气上逆病因病机的是____,肾不纳气,肺失肃降,肺失宣发,外邪犯肺,痰饮停肺,A
对于鉴别燥邪犯肺证和肺阴虚证最有意义的是____,痰量的多少,咳痰的难易,有无口咽干燥,有无五心烦热,舌色的红淡,D
风水相搏证的临床表现不包括____,恶寒发热,起病急骤,头面眼睑先肿,形寒肢冷,脉象浮数,D
根据胁肋胃脘胀痛，暧气易怒，吞酸嘈杂，情绪抑郁，饮食减少，苔薄黄，脉弦等症，可考虑为____,肝火上炎证,肝脾不调证,肝胃不和证,胆郁痰扰证,肝郁气滞证,B
脾气虚、脾阳虚、脾气下陷证的共同症状是____,便溏肢倦,肢体困重,脘腹坠胀,肢体浮肿,舌淡而胖,A
脾气虚、脾虚气陷、脾不统血的共同症状是____,纳差乏力,久泄不止,畏寒肢冷,头晕目眩,月经过多,A
脾病虚证的基础证型是____,脾虚气陷证,脾阳虚证,脾胃气虚证,脾气虚证,脾不统血证,D
下列对鉴别寒湿困脾证与湿热蕴脾证最有意义的是____,有无脘腹痞胀,有无纳呆呕恶,黄疸鲜明或晦暗,是否腹胀便溏,是否肢体困重,C
湿热蕴脾证最少见的症状是____,犯恶欲吐,肢体困重,脘腹痞胀,黄色晦暗,身热不扬,D
下列各项，不属于肝火上炎证与肝阳上亢证相同临床表现的是____,面红目赤,头晕目眩,腰膝酸软,急躁易怒,脉弦,C
诊断肝血不足的主要症状依据是____,舌淡脉细,面色淡白,头晕目眩,心悸耳鸣,肢麻筋挛,E
下列各项，不属于肝郁气滞证表现的是____,胸胁胀痛,头痛眩晕,胸闷太息,月经不调,咽部异物感,B
下列各项，不属于肝阳上亢证表现的是____,眩晕耳鸣,面红目赤,急躁易怒,口苦口干,失眠多梦,D
常见手足蠕动症状的证候是____,肝阳上亢证,血虚生风证,阴虚动风证,热极生风证,肝阳化风证,C
少腹冷痛，前阴坠胀疼痛，舌淡脉沉紧，其证候是____,肝胃不和证,寒滞肝脉证,肾阳虚证,寒凝胃肠证,胃肠气滞证,B
头晕目眩，面白无华，视物模糊，舌淡脉细，其证候是____,肝血虚证,心血虚证,心肝血虚证,心脾气血虚证,肝阴虚证,A
辨肝病最常见的特征性症状是____,烦躁易怒,胁肋胀痛,口苦口干,头晕目眩,苔白脉弦,B
肺肾阴虚证的临床特征是____,头晕目眩，胸胁胀闷,干咳少痰，腰酸遗精,阴囊湿疹，外阴瘙痒,胁肋冷痛，声音嘶哑,形寒肢冷，舌淡脉弦,B
肝阳上亢证属于____,虚证,实证,热证,下虚上实证,里热证,D
经闭半年，伴见面色无华，头晕目眩，肌肉蠕动，舌淡脉细，最宜诊断为____,肝血虚证,心肝血虚证,肾精不足证,肝肾阴虚证,心脾两虚证,A
胃脘嘈杂，饥不欲食，口燥咽干，便干尿黄，舌红少津，脉细数，最宜诊断为____,胃热炽盛证,胃阴虚证,大肠热结证,肝火犯肺证,胃肠气滞证,B
咳喘，面白无华，乏力气短，纳少腹胀，咯痰清稀，舌淡脉弱，最宜诊断为____,寒痰阻肺证,脾肺气虚证,心肺气虚证,肺肾气虚证,肺气不足证,B
太阳蓄血证的主要临床特征是____,惊狂，坐卧不安,发狂，脐腹满痛,惊痫，时癒疚,如狂，少腹急结,身黄，脉沉结,D
少阳病不愈，传入厥阴的传变规律是____,循经传,越经传,表里传,逆经传,并经传,B
口苦，咽干，寒热往来，胸胁苦满，脉弦，其证候是____,太阳经证,太阳腑证,少阳病证,阳明经证,阳明腑证,C
少阴病人主要病理特征为____,心气衰弱,阴血不足,心肾虚衰,脾胃阳虚,肺肾两虚,C
少阴热化证的心烦不寐的病机是____,邪热内盛,肝阳上扰,水亏火旺,上热下寒,热结胃肠,C
下焦病症的病理实质是____,肾阳虚,肝阴虚,心阴虚,肝肾阴虚,心肾阳虚,D
伤寒两经或三经同时出现病证，称为____,循经传,越经传,合病,表里传,并病,C
卫分证的主要辨证依据是____,湿热蕴结,热盛伤津,肾气虚弱,肝郁犯脾,气虚失运,C
下列各项，不属于“诊法”的内容是____,望舌,辨证,切脉,闻声,问诊,B
大便秘结，发热腹痛属于____,热结肠道，热盛伤津,津液亏少，肠道失润,阴血不足，肠失濡润,气虚失运，传送无力,阳虚寒凝，气机滞塞,A
大便时干时稀属于____,脾气亏虚,肛门瘀血,肝郁脾虚,大肠湿热,肾虚命门火衰,C
厌恶食物，甚至视之恶心，恶闻食臭属于____,不欲食,纳少,纳呆,呃逆,厌食,E
白带中混有血液，赤白杂见属于____,肝经郁热,肾阳不足，阳不化水,气虚失运，传送无力,脾虚中气下陷,脾胃虚寒,A
下列各项，不属于月经周期经常提前7天以上的病机是____,气虚不能摄血,阳盛迫血妄行,阴虚而虚热内扰,肝郁、血瘀，血海不宁,湿热蕴结,E
瞪目直视属于____,脏腑精气将绝,风热毒邪上攻,太阳经绝证,寒湿水饮内停,肝胆火炽,A
病人两目上视，不能转动或兼项强抽搐，角弓反张属于____,脏腑精气将绝,风热毒邪上攻,肝风内动,寒湿水饮内停,肝胆湿热,C
四肢或某一肢体肌肉消瘦、萎缩，松软无力属于____,气血亏虚,邪气壅盛,寒湿内侵,先天不足，肾精不充,湿热侵淫,A
疮疡漫肿无头，部位较深，皮色不变，不热少痛者为____,痰核,痈,疥肿,红丝疔,阴疽,E
肺痈病人咳痰的特点是____,痰白清稀或有灰白点,痰黄黏稠有块,痰少而黏，难咯,脓血痰味腥臭,痰白滑量多，易咯,D
下列舌象主热盛伤津，气血壅滞的是____,淡红舌,红绛舌,青紫色,舌绛紫而干,舌红而燥,D
舌质苍老属于____,寒证,热证,实证,虚证,阴证,C
观察舌苔的润燥，主要了解____,湿浊的消长,邪气的深浅,津液的盈亏,疾病的进退,胃气的盛衰,C
舌红苔剥，多主____,血虚,阴虚,气虚,阳虚,胃气阴两虚,B
外感秽浊之气，热毒内盛可见____,白腻苔,黄腻苔,积粉苔,灰黑干燥苔,黑苔而滑,C
洪脉的脉象特征是____,浮大中空,浮而搏指,来盛去衰，滔滔满指,厥厥动摇,轻刀刮竹,C
下列各项，不属于动脉的脉象特征的是____,应指圆滑,脉来有力,如按琴弦,脉短如豆,脉来急促,C
自言自语，喃喃不休，见人语止，首尾不续，称为____,郑声,独语,狂言,谵语,错语,B
白喉咳嗽的特点是____,干咳,顿咳,咳声清脆,咳声重浊,咳如犬吠,E
顿咳的表现特点是____,咳声重浊,咳声低微,咳声紧闷,咳声如犬吠,咳终止时作鹭鸶叫声,E
有关里证的临床表现中，不正确的是____,潮热,神昏烦躁,汗出口渴,关节酸痛,胸闷腹痛,A
有关里证的成因，不正确的是____,先天禀赋不足,外邪袭表，病邪传里,外邪直接入里，侵犯脏腑,情志内伤饮食劳倦损伤脏腑,脏腑气机失调,B
里虚寒证出现畏寒肢冷的病机是____,寒邪束表，卫气失宣,阳虚机体失于温煦,阴寒内盛，阳气被郁,气滞血瘀，阳气不达肌肤,肝郁，阳气不宣,C
中寒证的表现不包括的是____,寒滞胃肠,寒滞肝脉,寒邪束表,寒滞心经,寒邪客肺,C
气虚类证不包括的是____,气陷证,气结证,气不固证,气虚证,气脱证,B
风热犯肺证与肺热炽盛证最具区别的症状是____,发热口渴,气喘,咳嗽,咽喉肿痛,脉浮数,D
对诊断胃肠气滞证最有意义的是____,里急后重,脘腹胀痛,恶心呕吐,苔腻脉弦,大便秘结,B
以下疾病均可引起腹泻，常表现为慢性腹泻的是____,伤寒,败血症,食物中毒,过敏性紫癜,肾上腺皮质功能减退症,E
可出现草莓舌的疾病是____,猩红热,缺铁性贫血,糙皮病,恶性贫血,核黄素缺乏,A
可出现与颈动脉搏动节律一致的点头运动的是____,颈椎病,帕金森病,三尖瓣关闭不全,严重的主动脉瓣关闭不全,二尖瓣狭窄,D
中腹壁反射消失，说明病变的部位是____,胸髓第7~8节,胸髓第9~10节,胸髓第11~12节,腰髓第1~2节,同侧锥体束受损,B
可引起触觉语颤减弱的疾病是____,压迫性肺不张,肺实变,肺内浅而大的空洞,肺癌,胸膜增厚粘连,E
胸骨左缘第2肋间可闻及连续性机器声样杂音，提示的疾病是____,主动脉瓣狭窄,主动脉瓣关闭不全,肺动脉瓣狭窄,肺动脉瓣关闭不全,动脉导管未闭,E
可引起第一心音增强的是____,主动脉瓣狭窄,二尖瓣关闭不全,主动脉瓣关闭不全,二尖瓣狭窄,左心功能不全,D
关于二度 I 型房室传导阻滞的心电图特征，正确的是____,P-R间期进行性缩短,R-R间距进行性延长,固定的房室3：1传导,P-R间期进行性延长，伴QRS波脱漏,P-R间期恒定,D
下列各项，不会引起淋巴细胞增多的疾病是____,风疹,流行性腮腺炎,免疫缺陷性疾病,结核病,百日咳,C
以下有关网织红细胞的描述，错误的是____,为未成熟的RBC,增多提示骨髓造血旺盛,绝对计数(24~84)×109/L,急性失血时网织红细胞减少,溶血性贫血时网织红细胞增多,D
肝细胞性黄疸时，不正确的是____,血清总胆红素增高,血清结合胆红素增高,血清非结合胆红素增高,尿内尿胆原增高,尿胆红素阴性,E
急性心肌梗死时，血清中丕全增高的酶是____,谷草转氨酶,碱性磷酸酶,乳酸脱氢酶,肌酸激酶,肌酸激酶同工酶,E
骨髓增生活跃时，成熟红细胞与有核细胞的比值是____,1:1,10:1,20:1,50:1,200:1,C
胸片后前位示左肺门肿块影约3cm大小，边缘有分叶征，伴有左上叶肺不张。应首先考虑的疾病是____,肺结核,肺炎,结节病,肺脓肿,肺癌,E
上消化道造影检查十二指肠球溃疡的直接征象是____,十二指肠球出现激惹征,十二指肠球部龛影,十二指肠球部压痛,胃窦部痉挛,胃液增多,B
不属于问诊“一般项目”的内容的是____,姓名,性别、年龄,婚姻,工作单位,工作条件,E
不属于非感染性发热的是____,大面积烧伤,心肌梗死后低热,血清病,广泛性皮炎,流行性出血热,E
腹痛一般不伴有休克的是____,急性胃肠穿孔,急性心肌梗死,绞窄性肠梗阻,泌尿系结石,急性重症胰腺炎,D
不属于湿性咳嗽的常见病因的是____,慢性支气管炎,支气管扩张症,空洞型肺结核,肺脓肿,肺癌,E
常出现呼吸困难伴有昏迷的疾病是____,急性心肌梗死,糖尿病酮症酸中毒,气胸,肺梗死,支气管哮喘,B
关于胸痛部位的描述，错误的是____,带状疱疹的胸痛常沿一侧肋间神经分布,非化脓性肋软骨炎多侵犯第1、2肋软骨,急性心肌梗死的胸痛位于心前区，向左肩背部放射,食管肿瘤的胸痛常位于胸骨后,肝胆疾病的胸痛多在右下胸，不向其他部位放射,E
常出现呕吐伴剧烈头痛的疾病是____,青光眼,急性胰腺炎,胆道梗阻,急性溶血,脑梗塞超早期,A
下列各项，不属于问诊的一般情况的是____,姓名,性别,年龄,婚况,收入,E
下述选项一般不见微热的是____,气虚,胃肠实热,气阴两虚,阴虚,情志抑郁,B
提示疾病发展的转折点的是____,自汗,盗汗,绝汗,冷汗,战汗,E
头目胀痛多见于____,肝阳上亢,脾胃湿热,肝肾阴虚,中气下降,外感风热,A
头晕而胀，烦躁易怒，舌红，脉弦数属于____,肝火上炎,肝阳上亢,肝肾阴虚,肝胆湿热,肝火犯胃,A
下列各项，不属于耳鸣病机的是____,肝胆火盛，上扰清窍,湿热时邪，蒙闭清窍,营血不足，清气不升,风邪上袭，经气闭阻,肝肾阴虚，虚阳上扰,C
下列各项，不属于失眠的是____,经常不易入睡,睡而易醒不能再睡,经常不自主地入睡,彻夜不眠,睡而不酣时易惊醒,C
口干而但欲漱水而不欲咽属于____,血瘀证,湿热证,血分证,气分证,阴虚证,E
少神表现为____,神疲少气懒言,神志昏迷,肌肉大削,突然出现面红如妆,狂躁乱语,A
假神的表现是____,面色荣润，含蓄不露,面色少华，精神不振,面色无华，反应迟钝,喃喃自语，哭笑无常,突然言语不休，想见亲人，但烦躁不安,E
妇女面青多由于____,水饮内停,湿热下注,肝肾阴虚,肝强脾弱,肾阴虚,D
中气虚弱的表现是____,胖而能食,肥而食少,形瘦食多,形瘦食少,胃火亢盛,D
斑秃属于____,血虚受风,气血两虚,血虚化燥,肾虚,阴虚,A
眼睑颜面先肿，兼见面色胱白，发展缓慢者属于____,先天不足，肾精亏损,外感风邪，肺失宣降,脾。肾阳衰，水湿泛溢,心肾阳衰，血行瘀阻，水气凌心,心阳不足，水气凌心,C
不属于正常舌象的是____,舌质淡红,舌苔薄白,舌体活动灵活,舌体柔软,舌质娇嫩,E
下列各项，不属于望苔质内容者为____,真假,润燥,剥落,老嫩,消长,D
阳热有余，蒸腾胃中腐浊邪气上升可形成____,白腻苔,积粉苔,黄腻苔,腐苔,黏腻苔,D
观察舌苔以辨别病邪深浅的主要依据是____,舌苔的有无,苔色的黄白,舌苔的有根无根,舌苔的厚薄,舌苔的润燥,D
金实不鸣的原因为____,风寒犯肺,虚火灼肺,肺气不足,肺肾阴虚,燥邪犯肺,A
言语轻迟低微，欲言不能复言，为____,错语,谵语,独语,夺气,郑声,D
郑声的病机是____,心气大伤,热扰心神,中气大伤,痰火扰心,痰蒙心神,A
脉形宽大，来盛去衰是指____,洪脉,大脉,滑脉,实脉,濡脉,A
诊断表实寒证的主要临床表现是____,发热恶寒,头身疼痛,自汗,鼻塞流涕,脉浮紧,E
辨寒热真假的主要临床依据是____,面色,四肢温度,舌象,脉象,神志,C
患者面色淡白或萎黄，唇甲色淡白，头晕眼花，心悸多梦，舌淡，脉细无力属____,气虚,血虚,阳虚,阴虚,津液不足,B
头痛、头晕经久不愈，痛有定处，痛如针刺，健忘，舌紫暗者诊断为____,肝阳上亢,痰蒙心神,肝风内动,肝火上炎,瘀阻脑络,E
产生寒湿困脾证最常见的原因是____,久泄久痢,过食生冷,劳倦内伤,五更泄泻,身倦乏力,B
持续低热，五心烦热，神疲欲寐，形瘦口干，耳聋，脉虚细，其证候是____,气分证,营分证,血分证,气营两燔证,卫分证,C
关于黄疸的描述，正确的是____,溶血性黄疸时，尿胆原多为阴性,溶血性黄疸时，以结合胆红素增多为主,肝细胞性黄疸时，尿胆红素阴性,胆汁淤积性黄疸时，尿胆红素强阳性,溶血性黄疸时，患者大便呈白陶土色,D
下列关于咳嗽出现的时间与节律的描述，错误的是____,突发剧烈咳嗽应考虑气管异物,支气管肺癌表现为阵发性咳嗽,慢性左心衰竭多表现为夜间阵发性咳嗽,晨起咳嗽加剧伴咯痰多见于支气管扩张症,百日咳表现为持续性咳嗽,E
胸腔脏器癌肿最易转移的淋巴结部位是____,腋窝淋巴结,颈部淋巴结,右锁骨上窝淋巴结,左锁骨上窝淋巴结,腹股沟淋巴结,C
可出现病灶对侧半身感觉障碍、偏瘫、同向偏盲的感觉障碍类型是____,脑干型,皮质型,脊髓型,神经根型,内囊型,E
乳腺炎时常出现淋巴结肿大的部位是____,左锁骨上淋巴结,右锁骨上淋巴结,腋窝淋巴结,滑车上淋巴结,腹股沟淋巴结,C
可引起第二心音A2增强的是____,动脉粥样硬化,主动脉瓣狭窄,主动脉瓣关闭不全,肺动脉高压,左心功能不全,A
下列可引起周围性发绀的疾病是____,喉头水肿,肺淤血,气胸,胸腔积液,右心衰竭,E
急性高侧壁心肌梗死时，出现坏死图形的导联是____,I、aVL、V5、V6,I、aVF,V1、V2、V3,V4、V5、V6,Ⅱ、Ⅲ、aVF,A
左心室肥大的心电图诊断标准是____,RV1+SV5>3.5mV（女）或4.0mV（男）,RV1+SV1>3.5mV（女）或4.0mV（男）,RV5>3.5mV,RV1>1.5mV,SV5>2.5mV,B
一般不引起外周血中性粒细胞增多的是____,伤寒,胃大部切除术后12小时,糖尿病酮症酸中毒,脾破裂,慢性粒细胞性白血病,A
符合渗出液特点的是____,淡黄色透明,比重小于1.018,细胞数低于500×106/L,黏蛋白定性试验（-）,放置后自凝,E
以下对诊断急性肾小球肾炎价值最大的是____,蜡样管型,红细胞管型,透明管型,颗粒管型,白细胞管型,B
可出现暗红色果酱样便的是____,伪膜性肠炎,过敏性肠炎,细菌性痢疾,阿米巴痢疾,直肠癌,D
骨髓增生程度减低时，成熟红细胞与有核细胞的比值是____,1:1,10:1,20:1,50:1,200:1,D
胸片后前位示上肺野呈大片状密度增高阴影，下缘整齐，以水平裂为界，上缘模糊不清，在实变的阴影中间见到支气管征像。该患者最可能的X线诊断是____,支气管肺炎,大叶性肺炎,右上肺不张,肺结核,中心型肺癌,B
胃溃疡患者突感腹部剧痛、呕吐，查体腹部呈板状腹，有压痛及反跳痛，应首选的检查方法是____,卧位腹平片,立位腹平片,胸片,腹部CT,腹部MRI,B
不属于感染性发热的是____,伤寒,风湿热,肺结核,流行性出血热,流行性脑脊髓膜炎,B
下列属于体温调节中枢功能失调引起的发热的是____,白血病,急性溶血,药物热,甲状腺功能亢进,中暑,E
下列关于咯血与呕血的鉴别要点，正确的是____,咯血多为暗红色,呕血多为鲜红色,呕血中常伴有泡沫,咯血患者可有黑便,咯血多为酸性,D
下列不属于急性腹痛的常见病因的是____,急性胃肠穿孔,十二指肠溃疡,急性胆囊炎,肠梗阻,肠系膜动脉栓塞,B
可出现颈静脉怒张，肝-颈静脉反流征阳性的是____,肝硬化,心包积液,肾病综合征,纵隔肿瘤,急性左心衰竭,B
以下不属于反射性呕吐的病因的是____,肾功能正常,肾衰竭代偿期,肾衰竭失代偿期,肾衰竭期,肾衰竭终末期,D
大咯血是指一日咯血量____,大于100ml,大于200ml,大于300ml,大于400ml,大于500ml,E
风湿性二尖瓣狭窄的杂音特点是____,心尖部收缩期吹风样杂音,心尖部舒张期隆隆样杂音,胸骨左缘第二肋间收缩期吹风样杂音,胸骨右缘第二肋间收缩期吹风样杂音,胸骨左缘三四肋间舒张期叹气样杂音,B
皮肤黏膜色素沉着最常见于____,肝硬化,肝癌晚期,肾上腺皮质功能减退症,肢端肥大症,疟疾,C
传染病的基本特征是____,有传染性、季节性、免疫性和病原体,有传染性、病原体、免疫性和流行性,有传染性、流行性、季节性和病原体,有传染性、免疫性、地方性和病原体,有传染性、流行性、地方性和免疫性,B
下列有关肝炎病毒标志物检查的叙述，错误的是____,抗-HAV IgM阳性可诊断为HAV近期感染,HBsAg和HDAg均呈阳性，可诊断为HDV及HBV现症感染,抗-HBs阳性可诊断为HBV现症感染,HCV-RNA阳性可诊断为HCV现症感染,抗-HEV IgM阳性可诊断为HEV近期感染,C
流行性出血热早期出现低血压，最主要的原因是____,继发细菌感染,小动脉痉挛,小血管通透性增加，大量血浆外渗,高热、汗出、呕吐所致血容量下降,严重腔道出血,C
HIV感染的细胞主要是____,神经胶质细胞,单核细胞,B淋巴细胞,CD4+T淋巴细胞,直肠黏膜上皮细胞,D
治疗伤寒慢性带菌者，首选的抗菌药物是____,氯霉素,磺胺嘧啶,四环素,氟喹诺酮类,红霉素,D
以下属于“癌症性格”的心理特征是____,乐观,坚强,压抑,自信,固执,C
糖尿病患者最常见的情绪反应是____,兴奋,抑郁,躁狂,平静,愤怒,B
行为不良通常不包括____,酒瘾,抑郁,偏爱体育运动,贪食,厌食,C
下列属于“治未病”实践的道德原则的是____,以提高人民群众健康水平为目的,尊重和满足患者的心理需要,尽量节约患者的费用,实事求是，尊重科学,综合分析，切忌片面,A
在体格检查中，医生应遵守的道德要求有____,知情同意,保护患者的权利,全神贯注，语言得当,减轻患者的痛苦,尊重患者的一切意见,D
下列各项，不属于手术治疗的道德要求的是____,术前要严格掌握手术指征,术中要认真操作，一丝不苟,术后要密切观察病情,术前与患者及其家属签订知情同意书,术中要告知手术进展,E
下列关于卫生防疫工作，说法不正确的是____,预防疾病是最经济、最积极的医学服务,预防医学的工作效果直接关系到人类的命运和前途,预防医学实践的目的是促进社会的繁荣和发展,卫生防疫工作要坚持“预防为主”,卫生防疫工作要坚持知情同意，尽职尽责,E
下列各项，不是卫生法中民事责任的特征是____,主要是财产责任,是一方当事人对另一方的责任,是赔偿当事人的损失,在法律允许的条件下，可以由当事人协商解决,是补偿当事人的损失,C
医疗机构发现甲类传染病时采取下列措施，哪项是错误的____,对病人、病原携带者予以隔离治疗,对疑似病人应在指定场所统一集中治疗,对医疗机构内的病人、病原携带者、疑似病人的密切接触者，应指定场所进行医学观察和采取其他必要的预防措施,拒绝隔离治疗时，可以由公安机关协助医疗机构采取强制隔离治疗措施,对疑似病人，确诊前在指定场所单独隔离治疗,B
《中医药条例》中明确国家发展中医药的方针是____,不构成医疗事故,构成一级医疗事故,构成二级医疗事故,构成三级医疗事故,构成四级医疗事故,A
下列关于卫生防疫工作，说法不正确的是____,预防疾病是最经济、最积极的医学服务,预防医学的工作效果直接关系到人类的命运和前途,预防医学实践的目的是促进社会的繁荣和发展,卫生防疫工作要坚持“预防为主”,卫生防疫工作要坚持知情同意，尽职尽责,E
有关里证的临床表现中，不正确的是____,潮热,神昏烦躁,汗出口渴,关节酸痛,胸闷腹痛,A
骨髓增生活跃时，成熟红细胞与有核细胞的比值是____,1:1,10:1,20:1,50:1,200:1,C
下列舌象主热盛伤津，气血壅滞的是____,淡红舌,红绛舌,青紫色,舌绛紫而干,舌红而燥,D
可出现与颈动脉搏动节律一致的点头运动的是____,颈椎病,帕金森病,三尖瓣关闭不全,严重的主动脉瓣关闭不全,二尖瓣狭窄,D
寒痰湿浊引起的咳嗽特点是____,咳声不扬,咳声清脆,咳声如犬吠,咳声低微,咳声重浊沉闷,E
关于胸痛部位的描述，错误的是____,带状疱疹的胸痛常沿一侧肋间神经分布,非化脓性肋软骨炎多侵犯第1、2肋软骨,急性心肌梗死的胸痛位于心前区，向左肩背部放射,食管肿瘤的胸痛常位于胸骨后,肝胆疾病的胸痛多在右下胸，不向其他部位放射,E
假神的表现是____,面色荣润，含蓄不露,面色少华，精神不振,面色无华，反应迟钝,喃喃自语，哭笑无常,突然言语不休，想见亲人，但烦躁不安,E
不属于正常舌象的是____,舌质淡红,舌苔薄白,舌体活动灵活,舌体柔软,舌质娇嫩,E
辨寒热真假的主要临床依据是____,面色,四肢温度,舌象,脉象,神志,C
有关表证的临床表现中，不正确的是____,恶寒重发热轻,恶寒轻发热重,鼻塞流涕、喷嚏,舌苔薄黄,脉沉实,E
下列属于“治未病”实践的道德原则的是____,以提高人民群众健康水平为目的,尊重和满足患者的心理需要,尽量节约患者的费用,实事求是，尊重科学,综合分析，切忌片面,A
斑秃属于____,血虚受风,气血两虚,血虚化燥,肾虚,阴虚,A
可出现水肿伴脾肿大、蜘蛛痣的疾病是____,右心衰竭,肾病综合征,肝硬化,甲状腺功能减退症,原发性醛固酮增多症,C
郑声的病机是____,心气大伤,热扰心神,中气大伤,痰火扰心,痰蒙心神,A
眼睑颜面先肿，兼见面色胱白，发展缓慢者属于____,先天不足，肾精亏损,外感风邪，肺失宣降,脾。肾阳衰，水湿泛溢,心肾阳衰，血行瘀阻，水气凌心,心阳不足，水气凌心,C
以下不属于反射性呕吐的病因的是____,幽门梗阻,胆石症,急性肾炎,尿毒症,急性心肌梗死,D
下列属于“体征”的是____,口干口苦,喉中痰鸣,微恶风寒,耳鸣,胃气上逆,B
以下有关网织红细胞的描述，错误的是____,为未成熟的RBC,增多提示骨髓造血旺盛,绝对计数(24~84)×109/L,急性失血时网织红细胞减少,溶血性贫血时网织红细胞增多,D
下列各项，不属于望苔质内容者为____,真假,润燥,剥落,老嫩,消长,D
下列不按甲类传染病管理的疾病是____,AIDS,肺炭疽,霍乱,SARS,鼠疫,A
骨髓增生程度减低时，成熟红细胞与有核细胞的比值是____,1:1,10:1,20:1,50:1,200:1,D
以夜间阵发性呼吸困难为突出表现的是____,喉头水肿,右心衰竭,左心衰竭,支气管哮喘,胸腔积液,C
下列各项，不属医师在执业活动中必须履行的义务是____,遵守法律、法规，遵守技术操作规范,尊重患者，保护患者的隐私,参加专业培训，接受继续医学教育,努力钻研业务，更新知识，提高专业技术水平,宣传卫生保健知识，对患者进行健康教育,C
下列各项，不属于“诊法”的内容是____,望舌,辨证,切脉,闻声,问诊,B
对诊断胃肠气滞证最有意义的是____,里急后重,脘腹胀痛,恶心呕吐,苔腻脉弦,大便秘结,B
病人但坐不得卧，卧则气逆者为____,心阳不足，水气凌心,气郁化火，痰火扰心,肾不纳气,气血两虚,肝风内动,A
白带中混有血液，赤白杂见属于____,肝经郁热,肾阳不足，阳不化水,气虚失运，传送无力,脾虚中气下陷,脾胃虚寒,A
眼窝凹陷可由于____,水肿,吐泻伤津,痰浊阻肺,肝郁化火,风热邪毒上攻,B
产生寒湿困脾证最常见的原因是____,久泄久痢,过食生冷,劳倦内伤,五更泄泻,身倦乏力,B
妇女面青多由于____,水饮内停,湿热下注,肝肾阴虚,肝强脾弱,肾阴虚,D
苔质地细腻致密，与舌体表面紧紧粘牢，刮之不去，属于____,腐苔,腻苔,糙苔,滑苔,润苔,B
以下与原发性高血压无关的心理社会因素是____,心理社会应激因素,某些可能导致血压升高的其他疾病,人格特征,情绪因素,遗传、肥胖、不健康的生活方式、不科学的饮食习惯,B
目前我国流脑流行的主要菌群是____,A群,B群和C群,D群,X群和Y群,Z群,A
上消化道造影检查十二指肠球溃疡的直接征象是____,十二指肠球出现激惹征,十二指肠球部龛影,十二指肠球部压痛,胃窦部痉挛,胃液增多,B
胃溃疡患者突感腹部剧痛、呕吐，查体腹部呈板状腹，有压痛及反跳痛，应首选的检查方法是____,卧位腹平片,立位腹平片,胸片,腹部CT,腹部MRI,B
不属于感染性发热的是____,伤寒,风湿热,肺结核,流行性出血热,流行性脑脊髓膜炎,B
外感秽浊之气，热毒内盛可见____,白腻苔,黄腻苔,积粉苔,灰黑干燥苔,黑苔而滑,C
可出现草莓舌的疾病是____,猩红热,缺铁性贫血,糙皮病,恶性贫血,核黄素缺乏,A
在体格检查中，医生应遵守的道德要求有____,知情同意,保护患者的权利,全神贯注，语言得当,减轻患者的痛苦,尊重患者的一切意见,D
以下疾病均可引起腹泻，常表现为慢性腹泻的是____,伤寒,败血症,食物中毒,过敏性紫癜,肾上腺皮质功能减退症,E
常出现呕吐伴剧烈头痛的疾病是____,青光眼,急性胰腺炎,胆道梗阻,急性溶血,脑梗塞超早期,A
卫生法所涉及民事责任的主要形式是____,赔偿损失,返还财产,停止侵害,恢复名誉,赔礼道歉,A
下列不属于可引起碱性磷酸酶(ALP)明显升高的疾病是____,急性溶血,肝硬化,胰头癌,急性肝炎,肝脓肿,A
下列各项，不属于但头汗出的原因是____,头感风热，迫津外泄,风湿热邪交蒸,中焦湿热蕴结，湿郁热蒸,阴寒内盛，元气将脱,进食辛辣、热汤、饮酒,A
下列各项，不是心身疾病特点的是____,以躯体症状为主，有明确的病理生理过程,某种人格特征是疾病发生的易患因素,疾病的发生发展与心理社会因素有关,生物或躯体因素是某些心身疾病发病的基础，心理社会因素起“扳机”的作用,单纯的生物学治疗即能取得较好的效果,E
下列各项，不属于问诊的一般情况的是____,姓名,性别,年龄,婚况,收入,E
空腹时腹部听诊可闻及振水音，提示的疾病是____,大量腹水,腹膜炎,急性肠炎,幽门梗阻,机械性肠梗阻,D
左心室肥大的心电图诊断标准是____,RV1+SV5>3.5mV（女）或4.0mV（男）,RV1+SV1>3.5mV（女）或4.0mV（男）,RV5>3.5mV,RV1>1.5mV,SV5>2.5mV,B
病人时时恐惧，焦虑不安，心悸气促，不敢独处一室，其病机是____,痰火扰乱心神,心胆气虚，心神失养,痰浊蒙闭心神,肝风挟痰上逆，阻闭清窍,精气大伤,B
以下属于“癌症性格”的心理特征是____,乐观,坚强,压抑,自信,固执,C
流行性出血热的“三痛”是指____,头痛、眼眶痛和腰痛,头痛、关节痛和腰痛,头痛、腹痛和腰痛,头痛、全身痛和腰痛,头痛、腓肠肌痛和腰痛,A
言语轻迟低微，欲言不能复言，为____,错语,谵语,独语,夺气,郑声,D
关于二度 I 型房室传导阻滞的心电图特征，正确的是____,P-R间期进行性缩短,R-R间距进行性延长,固定的房室3：1传导,P-R间期进行性延长，伴QRS波脱漏,P-R间期恒定,D
诊断表实寒证的主要临床表现是____,发热恶寒,头身疼痛,自汗,鼻塞流涕,脉浮紧,E
常出现呼吸困难伴有昏迷的疾病是____,急性心肌梗死,糖尿病酮症酸中毒,气胸,肺梗死,支气管哮喘,B
疮疡漫肿无头，部位较深，皮色不变，不热少痛者为____,痰核,痈,疥肿,红丝疔,阴疽,E
可引起第二心音A2增强的是____,动脉粥样硬化,主动脉瓣狭窄,主动脉瓣关闭不全,肺动脉高压,左心功能不全,A
下列各项，不属于耳鸣病机的是____,肝胆火盛，上扰清窍,湿热时邪，蒙闭清窍,营血不足，清气不升,风邪上袭，经气闭阻,肝肾阴虚，虚阳上扰,C
苔黑而滑润多见于____,湿热郁蒸,阴虚火旺,热盛伤津,痰火内蕴,寒湿内盛,E
少神表现为____,神疲少气懒言,神志昏迷,肌肉大削,突然出现面红如妆,狂躁乱语,A
舌质苍老属于____,寒证,热证,实证,虚证,阴证,C
可出现暗红色果酱样便的是____,伪膜性肠炎,过敏性肠炎,细菌性痢疾,阿米巴痢疾,直肠癌,D
常出现腹泻伴皮疹、皮下出血的是____,霍乱,伤寒,肠结核,克罗恩病,阿米巴痢疾,B
流行性出血热早期出现低血压，最主要的原因是____,继发细菌感染,小动脉痉挛,小血管通透性增加，大量血浆外渗,高热、汗出、呕吐所致血容量下降,严重腔道出血,C
下列各项，不属于月经周期经常提前7天以上的病机是____,气虚不能摄血,阳盛迫血妄行,阴虚而虚热内扰,肝郁、血瘀，血海不宁,湿热蕴结,E
自觉口中有咸味属于____,肾虚寒水上泛,食滞不化,肝气郁结,肝胆火旺,湿浊停滞,A
中腹壁反射消失，说明病变的部位是____,胸髓第7~8节,胸髓第9~10节,胸髓第11~12节,腰髓第1~2节,同侧锥体束受损,B
医疗机构发现重大食物中毒事件时，应当在多长时间内向所在地县级人民政府卫生行政主管部门报告____,10分钟,半小时,1小时,2小时,6小时,D
乳腺炎时常出现淋巴结肿大的部位是____,左锁骨上淋巴结,右锁骨上淋巴结,腋窝淋巴结,滑车上淋巴结,腹股沟淋巴结,C
医师在执业活动中由于不负责任延误急危患者的抢救造成严重后果的责令暂停执业活动，暂停期限为____,3个月以上6个月以下,半年至2年,1年以上1年半以下,半年以上3年以下,6个月以上1年以下,E
治疗伤寒慢性带菌者，首选的抗菌药物是____,氯霉素,磺胺嘧啶,四环素,氟喹诺酮类,红霉素,D
可闻及胸骨左缘第3、4肋间舒张期叹气样杂音的是____,主动脉瓣狭窄,主动脉瓣关闭不全,二尖瓣狭窄,二尖瓣关闭不全,三尖瓣狭窄,B
依据记忆的性质和表现形式，记忆可以分为____,形象记忆和动作记忆,情绪记忆和语词逻辑记忆,外显记忆和内隐记忆,短时记忆和长时记忆,形象记忆和内隐记忆,C
关于SARS的临床表现，错误的是____,常以发热为首发和主要症状,患者可有腹泻,肺部体征不明显,严重者出现呼吸窘迫,常伴有呼吸道卡他症状,E
不属于中枢性瘫痪的特点的是____,瘫痪分布范围广,肌张力降低,腱反射亢进,病理反射存在,肌萎缩不明显,B
"当内生肌酐清除率(Ccr)为10~19ml/ min, 肾功能分期是____",肾功能正常,肾衰竭代偿期,肾衰竭失代偿期,肾衰竭期,肾衰竭终末期,D
脉形宽大，来盛去衰是指____,洪脉,大脉,滑脉,实脉,濡脉,A
高血压性心脏病的心脏形状是____,烧瓶形,靴形,梨形,普大形,三角形,B
急性心肌梗死时，血清中丕全增高的酶是____,谷草转氨酶,碱性磷酸酶,乳酸脱氢酶,肌酸激酶,肌酸激酶同工酶,E
可引起触觉语颤减弱的疾病是____,压迫性肺不张,肺实变,肺内浅而大的空洞,肺癌,胸膜增厚粘连,E
胸片后前位两侧肺野透亮度减低，可见大小相等，密度一致，分布均匀的小结节状阴影，提示的疾病是____,支气管肺炎,间质性肺炎,浸润性肺结核,粟粒性肺结核,肺水肿,D
中气虚弱的表现是____,胖而能食,肥而食少,形瘦食多,形瘦食少,胃火亢盛,D
头晕而胀，烦躁易怒，舌红，脉弦数属于____,肝火上炎,肝阳上亢,肝肾阴虚,肝胆湿热,肝火犯胃,A
符合漏出液特点的是____,混浊，可有絮状沉淀,比重大于1.018,细胞数低于500×106/L,黏蛋白定性试验阳性,放置后自凝,C
困倦嗜睡，伴头目昏沉，胸闷脘痞，肢体困重者属于____,痰湿困脾，清阳不升,脾失健运，清阳不升,正气未复,心肾阳衰，神失温养,气血不足,A
医疗机构发现甲类传染病时采取下列措施，哪项是错误的____,对病人、病原携带者予以隔离治疗,对疑似病人应在指定场所统一集中治疗,对医疗机构内的病人、病原携带者、疑似病人的密切接触者，应指定场所进行医学观察和采取其他必要的预防措施,拒绝隔离治疗时，可以由公安机关协助医疗机构采取强制隔离治疗措施,对疑似病人，确诊前在指定场所单独隔离治疗,B
下列各项，不属于弦脉的主病是____,肝郁,胃热,诸痛,痰饮,疟疾,B
下列关于腮腺的描述不正确的是____,腮腺位于耳屏、下颌角与颧弓所构成的三角区内,腮腺导管开口于相当上颌第2磨牙牙冠相对的颊黏膜上,腮腺肿大时可出现以耳垂为中心的隆起,正常的腮腺体软薄，触诊轮廓清晰,流行性腮腺炎时腮腺一侧或双侧肿大，有轻压痛,D
久病耳渐聋属于____,湿热时邪，蒙闭清窍,肝胆火盛，上扰清窍,风邪上袭，经气闭阻,营血不足，清气不升,精气虚衰，不能上充清窍,E
寒证的临床表现中，不正确的是____,手足逆冷,大便稀薄,面色苍白,舌淡苔白,口渴喜饮,E
肝细胞性黄疸时，不正确的是____,血清总胆红素增高,血清结合胆红素增高,血清非结合胆红素增高,尿内尿胆原增高,尿胆红素阴性,E
下列各项，不属于会诊的道德要求的是____,分析病情，做出正确的诊疗决策是会诊的目的,经治医生客观陈述患者的状况,尊重科学，具有严谨的科学精神,实事求是，学术面前人人平等,严守法规，秉公执法,E
伤寒肠穿孔多发生于____,病程的第1周，在小肠,病程的第2周，在十二指肠,病程的第3周，在回肠,病程的第4周，在结肠,恢复期，部位不定,C
下列AIDS患者抗病毒治疗的指征，正确的是____,CD4+细胞数<0.35×109/L,CD4+细胞数<0.50×109/L,HIV-RNA水平>1000拷贝/ ml,HIV-RNA水平>3000拷贝/ ml,CD4+细胞数下降速率>每年0.05×109/L,A
《中医药条例》中明确国家发展中医药的方针是____,全面发展中医药,优先发展中医药,保持中医药特色,中西医并重,西医为主，中医为辅,D
可出现颈静脉怒张，肝-颈静脉反流征阳性的是____,肝硬化,心包积液,肾病综合征,纵隔肿瘤,急性左心衰竭,B
口干而但欲漱水而不欲咽属于____,血瘀证,湿热证,血分证,气分证,阴虚证,E
中寒证的表现不包括的是____,寒滞胃肠,寒滞肝脉,寒邪束表,寒滞心经,寒邪客肺,C
患者女，42岁。行经前期经血量多，色暗，后期淋漓不尽20余日，色淡质稀，伴少腹冷痛，喜温喜按，形寒畏冷，大便溏薄，舌淡苔白，脉沉细而迟。治疗除主穴气海、足三里、三阴交外，还应加取____,命门、腰阳关,百会、脾俞,肾俞、命门,然谷、太溪,隐白、血海,A
患者女，28岁。每至经期第3、4天出现腹痛，痛势绵绵，按则痛减，月经色淡，量少，伴面色苍白，全身乏困无力，头晕眼花，舌淡，边有齿痕，脉细弱。治疗除气海、三阴交、足三里外，还宜加取____,归来、地机,太冲、阳陵泉,脾俞、胃俞,肝俞、肾俞,百会、悬钟,C
患者女，22岁。经期提前半年余，每次提前10天左右，月经量多，色深红，质黏稠，伴面红口干，心胸烦热，小便短赤，大便干燥，舌红，苔黄，脉数。治疗除主穴外，还应加用____,太溪、肾俞,足三里、三阴交,太冲、行间,脾俞、足三里,气海、关元,C
患者因情志不舒出现胸胁胀痛，胸闷短气，大便不畅，苔薄白，脉弦。针灸治疗应当在主穴的基础上配用____,膈俞、太冲,内关、太冲,行间、侠溪,肝俞、三阴交,肝俞、膈俞,B
患儿女，8岁。无明显诱因突然出现意识丧失，跌仆在地，四肢抽搐，口吐白沫，持续3~5分钟后自行恢复，意识转清，但感头晕乏力。为明确诊断，以下最有价值的辅助检查是____,头颅CT,肌电图,脑电图,脑脊液检查,头部MRI,C
患者刘某，女，32岁。恶心、食欲不振1周，乏力，肝区胀痛不适，小便色如红茶，大便可，有肝炎接触史。巩膜、皮肤轻度黄染，肝区触痛、叩击痛。最佳取穴方案是____,肝俞、胆俞、脾俞、太冲、至阳、天枢、大横,肝俞、胆俞、至阳、膻中、中脘、期门、京门,胆俞、太冲、阴陵泉、阳陵泉、至阳、内关、公孙,胆俞、至阳、太冲、太白、期门、章门、中脘,肝俞、胆俞、胃俞、期门、太冲、太溪、三阴交,C
治疗带下量多，色黄稠黏，如脓如涕，气秽臭，阴中瘙痒，小腹作痛，小便短赤，口苦咽干，舌红，苔黄，脉滑数。治疗除主穴带脉、中极、白环俞、三阴交外，宜加取____,次髎、行间、阴陵泉,关元、肾俞,脾俞、足三里,血海、三阴交,中脘、天枢,A
李某，男，76岁。长期以来每于黎明前腹中作痛隐隐，肠鸣即泻，泻后痛减，喜____,关元、足三里,神阙、关元,支沟、下脘,天枢、下脘,肾俞、命门,E
治疗耳聋日久，伴头晕目眩，腰酸遗精，舌红少苔，脉细，除主穴外，宜配____,太冲、丘墟,肝俞、肾俞,风门、肺俞,丰隆、脾俞,足三里、三阴交,B
患者女，53岁。昨日暴怒后突发耳鸣，轰响如雷，头侧胀痛，口苦咽干，心烦，面赤，舌红苔黄，脉弦数。治疗除主穴外，宜加用____,肾俞、太溪,外关、合谷,太冲、丘墟,足三里、气海,脾俞、肾俞,C
刘某，男，72岁。咳喘反复发作20余年，现喘促气短，动则喘甚，汗出肢冷，舌淡，脉沉细。主要在哪些经脉上选穴治疗____,手太阴、足少阴、督脉,手太阴、足太阴、任脉,手太阴、足厥阴、督脉,手太阴、足少阴、背俞穴,手太阴、足太阴、足少阴,D
患者男，75岁。咳嗽反复发作半年，痰多色白，胸脘痞闷，苔白腻，脉濡滑。针刺治疗应当在主穴基础上加用____,阳陵泉、太溪,行间、鱼际,丰隆、阴陵泉,膻中、内关,膏肓、足三里,B
患者女，30岁。经血不止10天，下血量多，色深红，质黏稠，气味臭秽，口干喜饮，舌红苔黄，脉滑数。治疗取穴是____,关元、三阴交、行间、阴陵泉,关元、足三里、隐白、太冲,关元、三阴交、隐白、血海,关元、足三里、隐白、内庭,气海、三阴交、足三里、太溪,C
患儿男，5岁。其母代诉患儿产程不顺，平素体质较弱，近2年来经常出现突然昏仆，不省人事，面色苍白，两眼上视，四肢抽搐，口吐涎沫，每次持续不足1分钟，发作过后神志正常，但精神萎靡，纳差，嗜睡。发作期针刺应主选哪些穴位____,间使、阳陵泉、筋缩、鸠尾、太冲,水沟、百会、合谷、太冲、丰隆,间使、脾俞、胃俞、鸠尾、足三里,水沟、百会、后溪、涌泉、内关,鸠尾、心俞、脾俞、足三里、阴陵泉,D
患者男，52岁。突然眼前发黑，昏倒不省人事，伴牙关紧闭，面赤息粗，舌淡，苔白，脉沉弦。除主穴外还应配伍____,关元、气海,合谷、太冲,关元、百会,神门、足三里,膻中、关元,B
李某，女，32岁。正值产褥期，头痛、呕吐3周，伴发作性意识丧失、四肢抽搐，共发作4次，每次持续约4分钟缓解。近3天出现双下肢无力、二便障碍。诊断应考____,上矢状窦血栓形成,乙状窦血栓形成,直窦血栓形成,大脑深静脉血栓形成,蛛网膜下腔出血,A
患者牙龈红肿，牙痛剧烈，伴口臭，口渴，便秘，尿赤，舌红，苔黄，脉洪数。治疗除主穴合谷、颊车、下关外，宜配____,内庭、二间,外关、风池,太溪、行间,太冲、行间,行间、侠溪,A
乔某，女，26岁。左侧眼睑红肿痒痛1天，触之有硬结，压痛明显，伴头痛发热，舌尖红，苔薄黄，脉浮数。最佳取穴方案为____,攒竹、丝竹空、太阳、风池、曲差、大椎、合谷,攒竹、丝竹空、太阳、合谷、内庭、风池、外关,睛明、瞳子髎、球后、光明、丘墟、风池、风府,睛明、瞳子髎、太阳、合谷、内庭、阴陵泉、曲池,睛明、攒竹、瞳子髎、太溪、照海、四白、承泣,B
患者男，72岁。8年来下肢无力渐进性加重，麻木不仁，前胫微肿，兼见胸满痞闷，小便赤涩，舌红苔黄腻，脉濡数。下列说法中错误的是____,中医诊断为痿证————湿热浸淫,针刺腰夹脊后选2对加电针仪，用密波,可在下肢沿阳明经排刺,本病治疗以祛邪通络、濡养筋脉为法,根据患者情况，可在主穴基础上加用阴陵泉、大椎,B
王某，女，57岁，农民。精神狂躁8年余，多方求治不愈。今时而烦躁不安，时而多言善惊，烦扰不寐，形瘦面红，舌红苔少，脉细数。治疗除主穴外还应选用____,内庭、曲池,行间、三阴交,膻中、血海,太溪、三阴交,神门、心俞,B
张某，男，24岁。形体壮硕，肌肉结实，消谷善饥，大便干燥，舌质红，苔黄腻，脉滑数。针刺治疗应在常规取穴的基础上加____,三阴交、水分,肾俞、关元,膻中、内关,脾俞、足三里,上巨虚、内庭,E
患者女，53岁。右上齿痛半年，隐隐作痛，时作时止，午后或夜晚加重，日久不愈，伴头晕眼花，手足心热，腰膝酸软，舌红，苔少，脉细数。针灸治疗在合谷、颊车、下关的基础上，应加取____,外关、风池,内庭、二间,太溪、行间,风池、侠溪,风池、太冲,C
患者女，32岁，平素月经常错后，此次停经半年，尿妊娠（-）。兼见小腹冷痛，四末不温，喜温喜按，舌淡暗，苔薄白，脉沉迟。治疗除主穴外，还应加用____,丰隆、阴陵泉,血海、太冲,脾俞、  胃俞,命门、腰阳关,内关、膻中,D
刘某，女，37岁。2周来头痛反复发作，今天与邻居争吵时突发剧烈头痛、呕吐，迅速出现神志不清，由家属送往医院。查体：脑膜刺激征阳性；头颅CT扫描有出血表现，____,先天性动脉瘤,高血压动脉硬化,抗凝治疗,外伤,动静脉畸形,A
患者女，58岁。多食善饥，口渴尿多，形体消瘦，大便干燥，苔黄，脉滑有力。针灸治疗在主穴基础上应加用____,太渊、少府,地机、内庭,复溜、太冲,关元、命门,廉泉、承浆,B
夏某，女，60岁。近5年来饮食稍有不慎即易呕吐，吐出物不多，腐臭味不甚，平素倦怠乏力，面白无华，纳差便溏，舌谈，苔薄白，脉弱无力。以下说法中不正确的是____,治疗原则为和胃降逆，理气止呕,取穴主要以手厥阴、足阳明经穴及相应募穴为主,主穴基础上可配脾俞、胃俞，但不用灸法,基本针灸治疗处方是中脘、内关、足三里、胃俞,若肠鸣明显，可在主穴基础上加脾俞、大肠俞,C
治疗胸闷气短，心悸汗出，形寒肢厥，腰酸乏力，面色淡白，唇甲色淡，舌淡胖有齿痕，苔白润，脉沉细。治疗除主穴外，应配____,神阙、太冲,中脘、丰隆,心俞、至阳,气海、关元,膈俞、三阴交,D
患者发热，微恶风寒，汗出，鼻塞流黄涕，痰黄质稠，咽喉肿痛明显，口渴，苔黄，脉浮数。最佳针灸取穴处方是____,风门、肺俞、风池、大椎、太阳、列缺、合谷,大椎、风池、太阳、列缺、合谷、曲池、少商,身柱、大杼、风池、大椎、太阳、列缺、合谷,阴陵泉、委中、大椎、太阳、列缺、合谷、风池,天突、肺俞、中府、列缺、合谷、大椎、曲池,B
一患者不易入睡，睡而易醒，兼见心悸健忘，头晕目眩，纳差神疲，面色无华，____,心俞、脾俞,心俞、肾俞,心俞、胆俞,公孙、足三里,丰隆、内庭,A
患儿男，5岁。白天小便频而量少，夜晚睡中遗尿，劳累后加重，面白无华，少气懒言，食欲不振，大便稀溏，舌淡苔白，脉细无力。应选取的主穴为____,百会、神门、中极、膀胱俞,中极、阴陵泉、阳陵泉、行间,关元、中极、膀胱俞、三阴交,脾俞、肾俞、次髎、足三里,中极、关元、气海、血海,C
患者女，58岁。头昏神疲，四肢乏力，唇甲色淡，舌淡苔薄白，脉细弱。最佳针灸处方是____,百会、风池、中脘、丰隆、阴陵泉、太冲、内关,百会、风池、肾俞、肝俞、脾俞、气海、足三里,百会、风池、悬钟、太溪、足三里、肾俞、肝俞,百会、风池、曲池、合谷、太冲、三阴交、行间,百会、风池、曲池、肾俞、肝俞、合谷、太冲,B
患者发热恶寒，无汗，嗽咳喷嚏，痰白涕清，头痛，肢体酸楚，舌淡苔薄白，脉浮紧。最佳针灸取穴处方是____,太渊、少商、风池、大椎、太阳、列缺、合谷,风门、肺俞、太阳、列缺、合谷、风池、大椎,身柱、大杼、风池、大椎、太阳、列缺、合谷,阴陵泉、委中、大椎、太阳、列缺、合谷、风池,天突、肺俞、中府、列缺、合谷、大椎、曲池,B
颈部和腰部扭伤，除取主穴外，还应加用的穴位是____,夹脊穴,太阳经穴,督脉穴位,少阳经穴,任脉穴位,A
张某，男，60岁，既往高血压、糖尿病病史，与人争吵后突发头痛、呕吐，左侧肢体偏瘫，无感觉障碍，血压180/100mmHg.诊断首先考虑____,脑出血，右侧脑叶出血,脑出血，右侧壳核出血,脑出血，左侧颞叶沟回疝,蛛网膜下腔出血,脑出血，小脑扁桃体疝,B
患者女，48岁。眼红目涩3月余，眵多于结，昼轻夜重，五心烦热，夜寐难安，舌红少津，脉细数。除合谷、太冲、风池、睛明、太阳外，宜加取____,少商、上星,太溪、养老,侠溪、行间,外关、中渚,内庭、曲池,B
治疗肾绞痛伴血尿者，宜加用____,委阳、阴陵泉,命门、关元,地机、血海,内关、足三里,水分、水道,C
患儿男，5岁。白天小便频而量少，夜晚睡中遗尿，小便清长，素日神疲乏力，____,百会、神门、太溪,气海、血海、肾俞,阳陵泉、行间、太冲,脾俞、肾俞、足三里,肾俞、命门、太溪,E
张某，男，12岁。夏季饮冷后出现腹痛泄泻，便质清稀，水谷相混，肠鸣腹胀，得温痛减，口不渴，舌淡，苔白滑，脉迟。治疗在主要穴位的基础上加用____,梁门、中脘,支沟、下脘,内庭、曲池,天枢、下脘,神阙、关元,E
刘某，男，72岁。咳喘反复发作20余年，现喘促气短，动则喘甚，汗出肢冷，舌淡，脉沉细。最佳取穴方案是____,太渊、列缺、孔最、天突、三阴交、足三里,肺俞、风门、风池、风府、天突、列缺,鱼际、列缺、天突、风门、太渊、太溪,太渊、  列缺、  膏肓、  太溪、  肺俞、  肾俞,太渊、太溪、太冲、太白、中府、天突,D
张某，女，13岁。经期不规则，此次经血大下，量多如崩，血色深红，质黏稠，气腥味重，兼见口干喜饮，舌红苔黄，脉滑数。治疗除最佳取穴方案为____,关元、三阴交、隐白、公孙、血海、地机,关元、三阴交、血海、阴陵泉、合谷,关元、三阴交、肾俞、命门、腰阳关,关元、三阴交、地机、然谷、太溪、交信,关元、三阴交、阴陵泉、太冲、隐白,A
张某，男，78岁。小便滴沥不爽6年，排出无力，小腹坠胀，平素气短神疲，纳差懒言，大便不成形，舌淡，苔白，脉细弱。治疗在主穴的基础上配伍____,曲池、委阳,肺俞、尺泽,阴谷、太溪,气海、足三里,肝俞、太冲,D
患者女，39岁。昨日生气后出现上腹胃脘部胀满疼痛，脘痛连胁，嗳腐吞酸，心烦，口苦，喜长舒气，大便不畅，舌淡红，苔薄白，脉弦。针对患者具体证型的取穴是____,膻中、膈俞,胃俞、神阙,太冲、期门,下脘、梁门,胃俞、太溪、三阴交,C
王某，男，31岁，突然出现脊背部疼痛、胸腹部束带感及下肢麻木感，后迅速出现脊髓受损平面以下运动、感觉及大小便功能障碍。需要鉴别的疾病不包括____,脊髓血管病,视神经脊髓炎,亚急性坏死性脊髓炎,急性脊髓压迫症,重症肌无力,E
患者男，68岁，右上肢痿软无力10余年，平素神疲倦怠，纳呆便溏，面色少华，舌淡，苔薄白，脉细缓。关于其治疗的说法中错误的是____,主穴选取肩髑、曲池、手三里、外关、合谷、胸夹脊,针刺腰夹脊后选2对加电针仪，用密波,根据患者情况可配伍脾俞、胃俞、中脘,可用皮肤针反复叩刺患肢阳明经穴,治疗期间尽量配合主动及被动的肢体锻炼,B
患者女，25岁。产后泌乳量少质稀，乳房柔软无胀感，面色苍白，唇甲无华，神疲乏力，便溏，舌淡，苔薄白，脉虚细。除主穴乳根、膻中、少泽外，应加取____,太冲、内关,足三里、脾俞,肝俞、膈俞,中脘、天枢,期门、太冲,B
患者男，52岁，突发脑出血，头痛、呕吐、昏迷，血压200/120mmHg.应迅速采取的措施是____,止血,降血压,降颅压,维持生命体征,外科手术,D
患者女，20岁。经期下腹部疼痛剧烈，经行不畅，经色紫黑，有血块，经前伴乳房胀痛，舌有瘀斑，脉细弦。治疗除主穴外还应选取____,太冲、阳陵泉,列缺、归来,关元、气海,肝俞、肾俞,膏肓、志室,A
患者腹痛绵绵，时作时止，痛时喜温喜按，饥饿或劳累后加剧，得食或休息后痛减，神疲乏力，畏寒肢冷，舌淡苔白，脉沉细。最佳治法为____,温运脾阳、缓急止痛，以足阳明、足厥阴经及任脉穴为主,通调肠胃、行气导滞，以足阳明、足太阴及足太阳经穴为主,温经散寒、理气止痛，以足太阴、足阳明及任脉穴为主,活血化瘀、行气止痛，以足阳明、足厥阴经及任脉穴为主,清热导滞，行气止痛，以足厥阴、足阳明及足太阴经穴为主,A
张某，女，48岁，大便干结难解，腹胀善嗳，胸胁痞满，舌淡苔薄腻，脉弦。最佳取穴方案为____,天枢、神阙、脾俞、太白、足三里、上巨虚,天枢、气海、关元、上巨虚、脾俞、肾俞,天枢、水分、上巨虚、阴陵泉、下脘、梁门,天枢、大肠俞、支沟、上巨虚、中脘、太冲,天枢、中脘、归来、支沟、上巨虚、大肠俞,D
杨某，男，19岁。昨日与同学聚餐，今日出现大便日次数明显增多，腹痛肠鸣，大便恶臭，伴有未消化食物，泻后痛减，嗳腐吞酸，不思饮食，小便量少。治疗在主要穴位的基础上加用____,内庭、曲池,神阙、关元,支沟、下脘,天枢、下脘,梁门、下脘,E
下列各项关于痔疮的辨证配穴，错误的是____,湿热下注配阴陵泉、三阴交,肛周肿痛加次髎、承山,气虚下陷灸百会、神阙,便秘者加支沟、天枢,肛周肿痛加秩边、飞扬,B
针灸治疗风疹，选取的主要经脉是____,手足少阳经,手阳明、足太阴经,足阳明、手太阴经,手足太阴经,以上都不是,B
针灸治疗耳鸣耳聋配穴不正确的是____,肝胆火盛配太冲、丘墟,外感风邪配太关、合谷,气血不足配太白、血海,肾精亏虚配肾俞、太溪,脾胃虚弱配气海、足三里,C
治疗鼻渊之湿热阻窍者，宜配____,曲池、阳陵泉,曲池、阴陵泉,尺泽、少商,尺泽、鱼际,尺泽、曲泽,B
针灸治疗晕厥可点刺出血的穴位不包括____,四缝,百会,中冲,十二井,十宣,A
治疗虚脱应主选的经穴是____,任脉、督脉及手厥阴经穴,任脉、督脉及手少阴经穴,任脉、督脉及足厥阴经穴,手厥阴及足厥阴经穴,手太阴及手厥阴经穴,A
关于肥胖症的治疗，下列说法不正确的是____,不需配合锻炼,治疗法则为祛湿化痰，通经活络,主要选取手足阳明经、足太阴经穴,可用皮肤针叩刺局部阿是穴,耳针可选取胃、脾、肺、  内分泌、三焦,A
治疗戒毒综合征兼见肌肉抽搐者，可在基础方的基础上加____,太冲,肾俞,肝俞,阳陵泉,涌泉,D
治疗晕厥的主穴，不包括____,水沟,百会,中冲,内关,涌泉,D
治疗肾绞痛的主穴，除京门、肾俞外，还包括____,中极、膀胱俞、阴陵泉,中极、膀胱俞、三阴交,三焦俞、膀胱俞、阴陵泉,三焦俞、三阴交、阴陵泉,三焦俞、三阴交、阳陵泉,B
下列疾病是周期性瘫痪需要与之鉴别的是____,急性脊髓炎,运动神经元病,脊髓灰质炎,全身性重症肌无力,急性炎性脱髓鞘性神经根神经病,E
脊髓休克常见于____,小脑,脊髓,周围神经,大脑半球白质,脑干,B
下列哪些症状或体征不符合AIDP的表现____,自主神经功能障碍,肢体不对称性瘫痪,可出现腓肠肌压痛,脑神经麻痹,感觉障碍,B
下列关于阿尔茨海默病的论述中，错误的是____,是一种以认知功能障碍、日常生活能力下降以及精神行为异常为特征的神经系统退行性疾病,特征性病理改变为老年斑、神经元纤维缠结和选择性神经元与突触丢失,通常发生于老年或老年前期，隐匿起病，阶梯样缓慢进展,病程通常为4~12年，绝大多数AD患者为散发性AD，约5%有家族史,长期大剂量吡拉西坦、茴拉西坦或奥拉西坦能延缓AD进展,C
重症肌无力最常见受累的肌肉是____,呼吸肌,四肢肌,眼外肌,咽喉肌,咀嚼肌,C
MRI T2加权相对识别多发性硬化何种改变有帮助____,轴索损伤,急性炎症,颅内压增加,脱髓鞘,局灶性癫痫活动,D
小量脑桥出血可能的症状或体征，不包括____,可不出现意识障碍,病灶侧周围性面瘫,失语,病灶对侧面瘫,两眼向病灶侧凝视麻痹,C
在脑栓塞病因的心源性之中，最常见的是____,风湿性心脏病,病毒性心肌炎,心脏黏液瘤,心肌梗死,心房颤动,E
关于TIA的实验实检查，不正确的是____,脱髓鞘疾病,维生素B12缺乏病,脂类代谢病,螺旋体感染病,神经变性病,A
针灸治疗痛经实证应选取哪些经穴为主____,任脉、足少阴经穴,任脉、足厥阴经穴,任脉、足太阴经穴,冲脉、足厥阴经穴,督脉、足厥阴经穴,D
崩漏的发生主要与哪些经脉有关____,肝经、肾经,肝经、脾经,任脉、带脉,任脉、冲脉,任脉、督脉,D
针灸治疗胎位不正的主穴是____,足三里,三阴交,至阴,肝俞,肾俞,C
针灸治疗小儿遗尿，除相应背俞穴外，还应选取以下哪组经脉的腧穴____,任脉、足少阴,任脉、足少阳,任脉、足太阴,任脉、足太阳,足太阴、足太阳,A
带下病主要与哪些经脉相关____,任脉、督脉,任脉、冲脉,任脉、带脉,冲脉、带脉,冲脉、督脉,C
小儿脑性瘫痪的基本病机是____,肝肾亏虚,心神受损,痰瘀阻络,脑髓失充,气滞血瘀,D
瘾疹的治法是____,清热祛湿，解毒止痒,清热润燥，解毒化斑,养血祛风，活血化瘀,祛风止痒，养血润燥,疏风和营,E
治疗痄腮的配穴错误的是____,温毒在表配风池、少商,热毒蕴结配商阳、曲池、大椎,温毒内陷配劳宫、曲泉、大敦,睾丸肿痛配太冲、曲泉、蠡沟,神昏抽搐配百会、印堂、神阙,E
下列各项，不属于治疗乳痈选取的穴位是____,太溪,少泽,乳根,肩井,膻中,A
针灸治疗疔疮，选取的治疗原则是____,活血化瘀，消肿散结,调理冲任，软坚散结,清热解毒，消肿止痛,活血化瘀，消肿止痛,以上都不是,C
针灸治疗扭伤选取的腧穴属于____,阳明经,局部或邻近取穴,太阳经,少阳经,太阴经,B
针灸治疗耳鸣耳聋虚证，应以下列哪组腧穴为主____,合谷、外关、翳风、中渚,百会、听会、风池、中渚,耳门、听宫、太溪、照海,太溪、照海、完骨、翳风,太冲、太白、耳门、听会,C
针灸治疗牙痛选取的主穴是____,合谷、颊车、下关,颊车、大迎、下关,合谷、内关、颊车,曲池、合谷、大迎,曲池、风池、颊车,A
治疗咽喉肿痛之阴虚证，应以哪一经为主____,手太阴肺经,足厥阴肝经,足少阴肾经,手阳明大肠经,足阳明胃经,C
关于治疗晕厥的配穴及其刺灸法的说法，错误的是____,实证配合谷、太冲,虚证配关元、足三里,实证只针不灸,虚证可点刺出血,虚证针灸并用,D
以下有关针灸治疗胆道蛔虫症的叙述，不正确的是____,毫针泻法,迎香透四白为治疗本病的经验穴,鸠尾透日月可疏通局部气血,胆囊穴为治疗胆腑疾病的经验穴，也是治疗本病的主穴,耳针法宜取右侧耳穴,E
治疗高热的主穴，除十二井穴外，还包括____,大椎、曲池、合谷,大椎、合谷、太冲,曲泽、曲池、合谷,内关、神门、外关,内关、曲池、合谷,A
电针法治疗肥胖症，应选用的波型是____,疏密波,断续波,连续波,低频连续波,高频连续波,A
合并肺部感染的重症肌无力患者，针对其肺部感染应选用____,青霉素类,丁胺卡那,庆大霉素,四环素,磺胺类,A
下列关于坐骨神经损伤的说法中，正确的是____,胫神经损伤表现为足、足趾背屈不能，足下垂,腓总神经损伤后，足、足趾跖屈不能，足内收受限,腓总神经于大腿中1/3处由坐骨神经分出,胫神经损伤急性期不能用皮质类固醇,腓总神经绕行腓骨颈处最易受损,E
根据“虚则补其母”的理论，下列选项错误的是____,肺经虚证取太白,胃经虚证取厉兑,心经虚证取大敦,胆经虚证取侠溪,肾经虚证取复溜,B
针灸治疗晕厥，应选取的主穴是____,水沟、  百会、  中冲、  涌泉,水沟、  百会、  合谷、  太冲,水沟、百会、关元、足三里,合谷、太冲、气海、关元,中冲、  水沟、  百会、  太冲,A
四缝穴治疗小儿疳积，所属的选穴原则是____,近部取穴,辨证对症选穴,循经选穴,远部取穴,以上都不是,D
下列有关标本根结理论论述不正确的是____,“标本”、  “根结”反映了经气的上下对应关系,“标”与“结”意义相似,“根结”的范围较“标本”广,“四根三结”指十二经脉以四肢为“根”，以头、胸、腹三部为“结”,标本根结理论说明了经气循行的多样性和弥漫性,C
经络腧穴按诊的异常变化不包括____,压痛,硬结,色黑,肿胀,条索状物,C
治疗月经不调首选的腧穴是____,阴陵泉,地机,三阴交,大横,公孙,C
MS的病变部位不包括____,小脑,脊髓,周围神经,大脑半球白质,脑干,C
额旁3线的主治病症是____,腰腿足病、脱肛、小儿夜尿,冠心病、支气管哮喘、支气管炎,精神失常、肝胆疾患,肩、臂、手等病症,功能失调性子宫出血、阳痿、尿频,E
治疗低血压，应选择的耳穴是____,皮质下,耳尖,角窝上,肾上腺,神门,D
与脏腑有直接络属关系的经脉是____,十二经别,手足三阳经,手足三阴经,奇经八脉,正经,E
针灸治疗疔疮选取的主穴是____,颊车、合谷、外关,外关、  内庭、足临泣,曲池、  大椎、  曲泽,身柱、灵台、合谷、委中,期门、太冲、丰隆,D
针灸治疗牙痛选取的主穴是____,合谷、颊车、下关,颊车、大迎、下关,合谷、内关、颊车,曲池、合谷、大迎,曲池、风池、颊车,A
针灸治疗缺乳的主穴是____,少泽、乳根、膻中,乳根、太冲、足三里,乳根、内关、期门,膻中、少泽、太冲,肝俞、膻中、少泽,A
下列各项，用于灯火灸治疗痄腮的是____,耳尖,率谷,列缺,颊车,角孙,E
常用于戒毒、减肥的针法是____,耳针,皮内针,芒针,皮肤针,电针,B
下列各项中，被称为“一源三歧”的是____,任脉、督脉、阳维脉,任脉、督脉、阳维脉,任脉、带脉、冲脉,任脉、督脉、带脉,任脉、督脉、冲脉,E
有关电针的说法，下列有误的是____,处方配穴与针刺法相同，多选两侧肢体的穴位配对，以1~3对穴位为宜,通电时间一般在5~20分钟,一般情况下，应在感觉阈和痛阈之间调节适宜的刺激强度，以患者能耐受为宜,一般应避免电流回路通过心脏、延髓、脊髓,孕妇应慎用电针,A
足阳明胃经的主治特点是____,后头、肩胛病，神志病,侧头、胁肋病,前头、口、齿、咽喉、胃肠病,后头、背腰病，肠病,侧头、鼻、  口、齿病,C
横指同身寸法中，以患者何指何处横纹为标准，将四指的宽度作为3寸____,拇指第二节,食指中节,中指中节,无名指中节,小指中节,C
下列关于坐骨神经损伤的说法中，正确的是____,胫神经损伤表现为足、足趾背屈不能，足下垂,腓总神经损伤后，足、足趾跖屈不能，足内收受限,腓总神经于大腿中1/3处由坐骨神经分出,胫神经损伤急性期不能用皮质类固醇,腓总神经绕行腓骨颈处最易受损,E
常用于出血、扭挫伤的电针波形是____,密波,疏密波,疏波,断续波,可调波,B
关于透天凉下列说法错误的是____,进针时，医者轻用压手,随患者吸气将针刺入深层得气,随患者呼气将针刺入浅层得气,患者呼气时将针缓慢拔出，不按针孔或缓按针孔,临床适用于实热火邪、痰热内盛证,C
关于治疗晕厥的配穴及其刺灸法的说法，错误的是____,实证配合谷、太冲,虚证配关元、足三里,实证只针不灸,虚证可点刺出血,虚证针灸并用,D
绝经前后诸症之肝阳上亢者，除主穴外，还应加用的腧穴是____,关元、命门、太冲,太溪、照海、太冲,百会、太冲、风池,太冲、肾俞、脾俞,脾俞、肾俞、太冲,C
治疗落枕的经验穴是____,内劳宫,悬钟,外劳宫,后溪,以上都不是,C
足太阴经的“根”是____,至阴,厉兑,隐白,涌泉,大敦,C
三棱针的针刺方法不包括____,挑刺法,点刺法,散刺法,刺络法,透刺法,E
下列各项关于漏肩风的叙述，错误的是____,本病好发年龄为50岁左右,寒湿是导致该病的重要诱因,本病相当于西医学的肩周炎,漏肩风是以肩部疼痛，活动受限为主症,又称“肩凝症”、  “冻结肩”,A
针灸治疗颤证时，所选择的主要经脉是____,足太阳、足少阳经穴,手少阳、足厥阴经穴,督脉、手足少阳经穴,任脉、手足阳明经穴,冲脉、手足厥阴经穴,C
肺俞穴的针刺深度应把握在____,斜刺0.3~0.5寸,斜刺0.5~0.8寸,直刺0.5~0.8寸,斜刺0.3~0.8寸,直刺0.3~0.8寸,B
合并肺部感染的重症肌无力患者，针对其肺部感染应选用____,青霉素类,丁胺卡那,庆大霉素,四环素,磺胺类,A
针灸治疗小儿遗尿，除相应背俞穴外，还应选取以下哪组经脉的腧穴____,任脉、足少阴,任脉、足少阳,任脉、足太阴,任脉、足太阳,足太阴、足太阳,A
与冲脉交会最多的经脉是____,足太阴脾经,阴维脉,足厥阴肝经,足少阴肾经,任脉,D
关于肥胖症的治疗，下列说法不正确的是____,不需配合锻炼,治疗法则为祛湿化痰，通经活络,主要选取手足阳明经、足太阴经穴,可用皮肤针叩刺局部阿是穴,耳针可选取胃、脾、肺、内分泌、三焦,A
针灸治疗晕厥可点刺出血的穴位不包括____,四缝,百会,中冲,十二井,十宣,A
针灸治疗肥胖之脾胃虚弱者，宜加用____,上巨虚、内庭,脾俞、足三里,肾俞、关元,神门、内关,内关、膻中,B
额旁1线的定位是，在头前部____,从神庭穴向前引一条直线，长1寸,从头临泣穴向前引一条直线，长1寸,从上星穴向前引一条直线，长1寸,从眉冲穴向前引一条直线，长1寸,从眉冲穴向前引一条直线，长1.5寸,D
治疗呕吐的配穴法不正确的是____,肝气犯胃者配期门、章门,痰饮者配膻中、丰隆、公孙,肠鸣者配脾俞、大肠俞,泛酸干呕者配建里、公孙,食滞者配梁门、天枢,A
顶旁1线的定位是：在头顶部，督脉旁开1.5寸____,从通天穴向后引一条长1.5寸的线,从通天穴向后引一条长1寸的线,从正营穴向后引一条长1寸的线,从承光穴向后引一条长1.5寸的线,从络却穴向后引一条长1.5寸的线,A
下列各项，不属于治疗乳癖选取的穴位是____,太溪,人迎,乳根,肩井,足三里,A
常用吸罐拔罐法中，投火法多用于____,头颈部,四肢部,腰背部,身体侧部,胸腹部,D
上星至强间的距离是____,7寸,4寸,6寸,3寸,5寸,A
足少阴络脉的病候是____,咽肿,阴部瘙痒,一身尽痛,不能言语,二便不通,E
常用于治疗痿证、瘫痪的电针波形是____,密波,疏波,断续波,连续波,可调波,C
起于无名指末端的经是____,心经,三焦经,心包经,肺经,小肠经,B
由气血虚衰、清窍失养所致的眩晕，治疗主要取____,内关、百会、后溪、太溪、神阙,风池、百会、太阳、头维、气海,风池、百会、肾俞、肝俞、足三里,风池、百会、太冲、合谷、关元,风池、百会、太阳、列缺、悬钟,C
额前2线的定位是，在头前部____,从神庭穴向前引一条直线，长1寸,从头维穴向前引一条直线，长1寸,从上星穴向前引一条直线，长1寸,从头临泣穴向前引一条直线，长1寸,从眉冲穴向前引一条直线，长1.5寸,D
既是足太阴脾经的络穴，又是八脉交会穴，通冲脉的腧穴是____,商丘,公孙,太白,三阴交,地机,B
从肘横纹至腕掌横纹的骨度分寸是____,13寸,9寸,12寸,8寸,10寸,C
以下关于TIA的说法，不正确的是____,颈内动脉系统TIA和表现为一过性黑蒙的椎一基底动脉系统的TIA最易发生脑梗死,TIA发病后的2~7天内是卒中的高风险期,房颤合并的TIA 易发生栓塞性脑梗死,TIA好发于中老年人，男女比例大致相当,TIA 恢复快，不遗留后遗症，但可反复发作,D
下列十二经脉的流注次序中，错误的是____,肝经→胆经,心经→小肠经,脾经→心经,肺经→大肠经,肾经→心包经,A
下列经脉中没有按照十二经脉循行流注次序的是____,胆、  肝、  肺,大肠、胃、脾,心、小肠、  肾,肾、心包、三焦,三焦、胆、肝,C
足三阴经在足内踝上8寸以下的排列是____,厥阴在前，少阴在中，太阴在后,少阴在前，厥阴在中，太阴在后,太阴在前，少阴在中，厥阴在后,厥阴在前，太阴在中，少阴在后,少阴在前，太阴在中，厥阴在后,D
下列哪项与胞宫没有直接联系____,胞脉,冲脉,任脉,督脉,带脉,A
患者，男，60岁。两耳听力下降5个月，伴耳鸣如蝉，腰膝酸软，脉沉细。治疗应选取____,手、足厥阴经穴为主，兼取手少阳经穴,手、足少阴经穴为主，兼取手少阳经穴,手、足太阳经穴为主，兼取足少阴经穴,手、足少阳经穴为主，兼取足少阴经穴,足厥阴、足少阴经穴为主，兼取手少阳经穴,D
患者，女，46岁。2周来，自觉心慌，时作时止，兼头晕，舌淡红，脉细弱。治疗应选取何经穴为主____,手太阴、足少阴经,足少阴、手少阴经,手厥阴、足厥阴经,手少阴、手厥阴经,足少阴、手厥阴经,D
患者，男，25岁。胁肋胀痛1个月，伴见恶心呕吐，舌红苔黄腻。治疗应取何经穴为主____,足少阳、足厥阴经,足少阳、足阳明经,足阳明、足太阴经,足厥阴、足太阳经,足太阳、足太阴经,A
既能治疗局部病症，又能治疗本经循行所属远隔部位病症的腧穴是____,全身所有腧穴,头面部腧穴,躯干部腧穴,四肢部腧穴,十二经脉肘、膝关节以下的腧穴,D
患者鼻流浊涕，黄稠腥臭，伴头痛，口苦咽干，舌红苔黄，脉弦数。治疗应以____,手太阴、手阳明经穴为主,手太阴、任脉经穴为主,手阳明、手太阳、督脉经穴为主,手阳明、足厥阴、足少阳经穴为主,足阳明、足太阳经穴为主,A
根据骨度分寸，除哪项外，两者间距都是9寸____,两完骨间,天突至歧骨,剑突联合至脐中,腋前后纹头至肘横纹（平肘尖）,前两额角发际（头维）之间,C
肘横纹中，肱二头肌腱桡侧凹陷中的腧穴是____,尺泽,曲泽,少海,小海,曲池,A
循行于上肢外侧前缘的经脉是____,肺经,大肠经,三焦经,小肠经,心经,B
大肠的下合穴是____,上巨虚,下巨虚,足三里,天枢,委中,A
位于肘横纹外侧端的穴位为____,曲泽,曲池,尺泽,小海,天井,B
经脉循行联系上齿的为____,足少阴肾经,手阳明大肠经,足少阳胆经,足阳明胃经,足太阳膀胱经,D
治疗痢疾、便秘、肠痈常选____,内庭,丰隆,下巨虚,条口,上巨虚,E
下列五输穴中，属“荥”的是____,内庭,厉兑,足三里,解溪,阴谷,A
小肠的下合穴是____,上巨虚,下巨虚,足三里,阳陵泉,委中,B
患者，女，60岁。咳嗽，痰黏量多，伴见食欲不振，舌苔白腻，脉滑。为加强化痰作用，应首选____,肺俞,列缺,丰隆,合谷,足三里,C
足太阴脾经在胸部循行距前正中线旁开多少寸____,6寸,5寸,4寸,3寸,2寸,A
既可治疗脾胃病，又多用于生殖系统、泌尿系统疾病的穴位为____,三阴交,梁丘,公孙,阴陵泉,胃俞,A
通里善于治疗____,肘关节疼痛,盗汗,自汗,舌强不语,吐血,D
屈肘时，肘横纹尺侧端与肱骨内上髁之间的腧穴是____,曲池,曲泽,尺泽,少海,小海,D
下列各项，治疗产后乳少，应首选____,少泽,少商,中冲,涌泉,至阴,A
足太阳膀胱经在躯干部的循行____,前面,侧面,后背,上部,下部,C
治疗胎位不正，应首选____,阳白,至阴,大敦,昆仑,太溪,B
患者，女，27岁。怀孕7个月，检查发现胎位不正。纠正胎位应首选____,太冲,中脉,昆仑,少泽,至阴,E
足少阴肾经的原穴为____,照海,太溪,阴谷,复溜,然谷,B
治疗盗汗或热病汗不出，应首选____,大椎,风池,复溜,太溪,合谷,C
主要治疗心、胸、胃、神志病证的经脉是____,手太阴肺经,手少阴心经,足阳明胃经,手厥阴心包经,足太阴脾经,D
患者，男，30岁。昨日起胃脘胀痛，饮食不下，今天见呕吐频频。治疗应首选____,内庭,丰隆,太冲,内关,合谷,D
循上肢外侧中线上达肩部的经脉是____,手阳明大肠经,手少阴心经,手太阳小肠经,手太阴肺经,手少阳三焦经,E
循行于下肢外侧中线的经脉是____,胆经,脾经,胃经,膀胱经,三焦经,A
耳尖直上，当入发际1.5寸处的腧穴是____,曲鬓,完骨,率谷,角孙,风池,C
既可治疗口苦、胁肋疼痛，又善于治疗筋脉失养病证的穴位为____,阳陵泉,支沟,丘墟,光明,间使,A
既是合穴，又是八会穴的是____,足三里,尺泽,阳陵泉,悬钟,曲池,C
十二经脉的命名，主要包含了下列哪些内容____,阴阳、五行、脏腑,五行、手足、阴阳,手足、阴阳、脏腑,脏腑、手足、五行,以上均非,C
手、足三阳经在头部的分布规律是____,阳明在前，太阳在侧，少阳在后,太阳在前，少阳在侧，阳明在后,少阳在前，阳明在侧，太阳在后,阳明在前，少阳在侧，太阳在后,太阳在前，阳明在侧，少阳在后,D
手太阴肺经在上肢的分布是____,内侧前廉,外侧前廉,内侧中行,外侧后廉,内侧后廉,A
足三阴经从起始部至内踝上8寸段的分布是____,厥阴在前，太阴在中，少阴在后,厥阴在前，少阴在中，太阴在后,少阴在前，太阴在中，厥阴在后,太阴在前，厥阴在中，少阴在后,太阴在前，少阴在中，厥阴在后,A
循行于上肢内侧中线的经脉是____,手太阳经,手少阳经,手厥阴经,手少阴经,手太阴经,C
分布于胸腹第一侧线的经脉是____,足太阴脾经,足少阴肾经,足少阳胆经,足阳明胃经,足厥阴肝经,B
三焦经在上肢的循行部位是____,外侧前缘,内侧中线,外侧后缘,内侧前缘,外侧中线,E
联系舌根，分散于舌下的经脉是____,足厥阴肝经,足少阴肾经,足太阴脾经,足阳明胃经,足少阳胆经,C
与女子妊娠密切相关的经脉是____,督脉,任脉,冲脉,带脉,阴维脉,B
经络系统中，具有维持人体正常运动功能的是____,十二经脉,十五络脉,十二经别,十二经筋,十二皮部,D
十二经脉中，相表里的阴经与阳经的交接部位在____,四肢部,胸部,腹部,头部,面部,A
手太阳小肠经与足太阳膀胱经的交接部位是____,目外眦,目内眦,目中,鼻旁,口角旁,B
手三阳经的走向为____,从头走足,从足走腹,从胸走手,从手走头,从手走足,D
按十二经脉气血流注次序，小肠经上接____,胆经,心经,胃经,膀胱经,三焦经,B
按十二经脉的流注次序，肝经向下流注的经脉是____,膀胱经,胆经,三焦经,心经,肺经,E
十二经之海是指____,督脉,任脉,冲脉,带脉,阴维脉,C
“阳脉之海”指的是____,阳趼脉,阳维脉,带脉,督脉,冲脉,D
在经络系统中，具有离、入、出、合循行特点的是____,足阳明胃经,足少阳胆经,足太阳膀胱经,手少阳三焦经,手太阳小肠经,B
外邪由皮毛传入脏腑的途径。依次是____,络脉→孙脉→经脉,孙脉→经脉→络脉,经脉→孙脉→络脉,络脉→经脉→孙脉,孙脉→络脉→经脉,E
足三阴经相同的主治是____,肝病、脾胃病,肾病、脾胃病,肺病、脾病、肾病,妇科病、胃肠,前阴病、妇科病,E
脾之大络，名为____,天池,俞府,鸠尾,大包,虚里,D
心包经的原穴是____,神门,间使,大陵,内关,太渊,C
心经的郄穴是____,少府,神门,阴郄,灵道,通里,C
脾经的郄穴是____,外丘,梁丘,中都,地机,金门,D
大肠的下合穴是____,委中,足三里,上巨虚,下巨虚,阳陵泉,C
膀胱经的合穴是____,上巨虚,下巨虚,足三里,委阳,委中,C
不在赤白肉际取穴的穴位是____,后溪、束骨,中渚、大陵,鱼际、腕骨,内庭、太白,八风、然谷,B
不可进行拔罐的病证是____, 中风,腹痛,失眠,头痛,抽搐,E
根据子母补泻取穴法，心包经虚证应选用____,太白,太冲,中冲,太渊,少冲,C
下列各组取穴中，不属于前后配穴的是____, 中府、肺俞,中脘、膈俞,中极、次髎,天枢、肾俞,期门、外关,E
夹脊穴位于脊柱区，后正中线旁开 0.5 寸____, 第 7 颈椎至第 5 腰椎棘突下两侧,第 1 胸椎至骶管裂孔棘突下两侧,第 1 胸椎至第 12 胸椎棘突下两,第 1 颈椎至第 12 胸椎棘突下两侧,第 1 胸椎至第 5 腰椎棘突下两侧,E
患者因月经先后无定期来诊。月经提前或错后，经量或多或少，色紫有块，经行不畅，胸胁乳房胀痛，少腹胀痛，时常叹息，嗳气不舒，苔薄白，脉弦。针灸治疗宜选用下列哪组穴位____,关元、三阴交、肝俞、支沟、阳陵泉,血海、气海、太冲,关元、血海、足三里、脾俞、气海,气海、三阴交、关元俞、归来,关元、血海、太冲,A
大陵属于____,肝经,心包经,督脉,肾经,脾经,B
治疗月经周期不规律，经量少，色淡，腰骶酸痛，头晕，舌淡苔白，脉沉弱，针灸治疗应主选的经脉是____,任脉、足厥阴经,任脉、足太阴经,任脉、督脉、冲脉,任脉、足少阴经,带脉、冲脉、任脉,B
肝阳上亢头痛选____,百会、风池、太冲、太溪、侠溪,主穴加风门,主穴加阴陵泉,主穴加丰隆,主穴加率谷、太阳,A
经络的生理功能不包括____,属脏腑，络肢节,抗御外邪,保卫机体,引经报使药的应用,输布气血，养周身,D
患者病后体虚，头昏目眩，时欲呕吐，神疲乏力，面色白，心悸失眠，舌淡，脉细，宜取何组穴____,风池、肝俞、肾俞、行间、侠溪,丰隆、中脘、内关、解溪、头维,曲池、足三里、风池、太冲,脾俞、足三里、气海、百会,以上都不对,D
沿腹中线旁开 5 分，胸中线旁开 2 寸到达锁骨下缘的经脉是____,足太阴脾经,足厥阴肝经,手太阴肺经,足阳明胃经,足少阴肾经,E
应注意避开血管针刺的是____,太渊,鱼际,列缺,血海,合谷,A
面痛风热证者，应在主方的基础上加____,列缺,颧髎、迎香,曲池、尺泽,阳白、外关,太冲、三阴交,C
手少阳三焦经与足少阳胆经的循行交接部位是____,目外眦,无名指端,鼻旁,足小趾端,目内眦,A
斑秃多选用____,皮肤针法,电针法,皮内针法,三棱针法,穴位注射法,A
以上各组经脉中，皆与胃相联系的是____,足厥阴、足阳明、足少阴经,手太阴、足阳明、手厥阴经,足厥阴、手太阳、足太阴经,足太阴、手阳明、足厥阴经,足阳明、手阳明、手厥阴经,C
少商放血主治____,腹胀便秘,咽喉肿痛,目赤肿痛,肩背疼痛,小便不利,B
下列腧穴中，不属于合穴的是____,足三里,委中,委阳,阴陵泉,三阴交,E
犊鼻下 3 寸，胫骨前嵴外开一横中指是____,足三里,上巨虚,光明,下巨虚,地机,A
患者，男，48 岁。腰痛，起病缓慢，隐隐作痛，绵绵不已，腰腿酸软乏力，脉细。治疗除取主穴外，还应加____,命门、志室、太溪,风府、足三里、血海,风府、大杼、阳陵泉,风府、三阴交、太冲,人中、风府、足三里,A
下列除哪项外均与足阳明经循行有联系____,舌,咽喉,目,口,鼻,A
风寒头痛选____,主穴加风门,主穴加率谷、太阳,主穴加丰隆,主穴加曲池、尺泽,主穴加太溪、侠溪,A
患者头部空痛 10 年，头痛隐隐，遇劳发作，兼头晕，神疲乏力，面色不华，舌淡，脉细弱。其辨证为____,瘀血头痛,痰浊头痛,虚证头痛,血虚头痛,肾虚头痛,D
治疗气血虚型不寐，应配合____,行间、侠溪, 心俞、胆俞,足三里、内关,太溪、肾俞,心俞、脾俞,B
位于面部，颊唇沟的正中凹陷处的腧穴是____,廉泉,水沟,迎香,承浆,地仓,D
现有十四经穴数目为____,360 个, 363 个, 362 个, 361 个, 366 个,D
足太阳膀胱经的输穴是____,委中,飞扬,昆仑,束骨,申脉,D
女性，45 岁，患者头痛 2 周，加重 2 天，疼痛呈持续性，以前额及两颞部疼痛为主，眠差，舌淡红，苔薄白。此病例按头痛部位应辨证属哪项经脉____,阳明头痛、厥阴头痛,阳明头痛、太阳头痛,阳明头痛、少阳头痛,少阳头痛、太阳头痛,以上都不是,C
治疗肝胆两经病证应首选____,蠡沟,公孙,大钟,丰隆,中都,A
属于手太阳小肠经的腧穴是____,神门,听会,耳门,下关,听宫,E
舒张进针法适宜于____,短针,长针, 皮肉浅薄部位的腧穴,皮肤松弛部位的腧穴,皮肤有瘢痕部位的腧穴,D
不属于十宣穴主治病证的是____,高热,牙松龈痛,手指麻木,癫痫,昏迷,B
四缝穴的位置在____,手 1~4 指掌侧，指骨关节横纹中点处,手 2~5 指掌侧，指骨关节横纹中点处,手 1~5 指掌侧，指蹼缘后方赤白肉际处,手 2~5 指掌侧，近端指骨关节横纹中点处,手 1~4 指掌侧，近端指骨关节横纹中点处,D
手足三阳经在四肢的分布规律是____,阳明在前，少阳在中，太阳在后,阳明在前，太阳在中，少阳在后,太阳在前，阳明在中，少阳在后,太阳在前，少阳在中，阳明在后,少阳在前，阳明在中，太阳在后,A
强刺激容易引起流产的穴位是____,内关,关元,合谷,太冲,中极,C
中风中经络舌强语謇者，可在主方上再加____,哑门、廉泉、通里,哑门、关元、地机,中脘、支沟、天枢,中脘、太溪、三阴交,中脘、气海、血海,A
治疗感冒夹暑者，宜加用____,曲池,阴陵泉,风门,太冲,委中,E
足三阴经在小腿上 8 寸以下，其排列规律是____,厥阴在前，少阴在中，太阴在后,太阴在前，厥阴在中，少阴在后,少阴在前，厥阴在中，太阴在后,厥阴在前，太阴在中，少阴在后,太阴在前，少阴在中，厥阴在后,D
下列不符合十二经脉循行流注次序的是____,心、小肠、肾经,肝、胆、肝经,三焦、胆、肝经, 脾、心、小肠经,肾、心包、三焦经,A
男性，40 岁。一周前出差四川，工作紧张之余，尽享辛辣美味。归京后一直没有临厕，兼见烦渴，口臭喜冷，脉滑实，苔黄燥，急求针灸通便。针灸取穴为____,上巨虚、天枢、支沟、三阴交、足三里,上巨虚、天枢、支沟、中脘、行间,上巨虚、天枢、支沟、脾俞、胃俞,上巨虚、天枢、支沟、神阙、气海,上巨虚、天枢、支沟、合谷、曲池,E
取穴的方法不包括____,远道取穴,随证取穴,辨证取穴,近部取穴,经验取穴,E
男性，67 岁，患者突发右侧肢体活动不利，言语不清，口角流涎，伸舌右偏、口角喎斜，血压 180/100mmHg，便秘三日未行，脉弦，舌暗红苔黄腻。此病例根据症、舌、脉应辨证为____,气虚血瘀,风阳上扰,肝胆火旺,痰热腑实,以上都不是,D
不属于手阳明经主治病的是____,眼病,口齿病,热病,前头、鼻病,耳病,E
足厥阴经的募穴是____,风门,期门,章门,神门,梁门,B
患儿 5 岁，尿床 2 年，每月一次或数次，伴见精神不振，食欲减退，舌淡苔白，脉细弱。治疗宜选用下列哪组穴位____,关元、中极、三阴交、肾俞、膀胱俞,心俞、脾俞、肾俞、三阴交,太溪、曲骨、气海、八髎,次髎、夹脊、昆仑、曲泉,以上都不正确,A
井穴的五行属性是____,阴经属土，阳经属木,阴经属水，阳经属土,阴经属火，阳经属水,阴经属金，阳经属火,阴经属木，阳经属金,E
针刺肾俞、环跳、足临泣，宜采用____,俯卧位,俯伏坐位,仰靠坐位,侧卧位,仰卧位,D
张某，女，44 岁，因感受风寒后，时吐清水，食后乃吐，苔白脉迟，喜暖畏寒，大便溏薄。针灸治疗应取何经为主____,胃经,脾经,大肠经,心包经,膀胱经,A
在踝区，外踝尖直下，外踝下缘与跟骨之穴间凹陷中的腧穴是____,照海,血海,太溪,申脉,昆仑,D
 针灸治疗气血虚弱痛经，宜加用____,关元、归来,阴陵泉、外关,太冲、血海,气海、脾俞,太溪、肾俞,D
在胸腹部经脉由中向外的排列顺序是____,任脉在中，肾经、胃经、脾经,任脉在中，心经、肾经、肝经,任脉在中，肾经、胃经、肝经,任脉在中，胃经、心经、脾经,任脉在中，心经、胃经、脾经,A
循行 “环阴器” 的经脉是____,足太阳膀胱经,足太阴脾经,足少阳胆经,足厥阴肝经,足阳明胃经,D
手阳明大肠经的经穴是____, 阳池,合谷,商阳,偏历,阳溪,E
根据骨度分寸法，下列除哪项外其间距均为 9 寸____,季胁至髀枢,胸剑联合至脐中,腋前纹头至肘横纹,天突至歧骨,两完骨之间,B
目赤肿痛，羞明，流泪，眵多，伴有口苦咽干、舌红、苔黄、脉弦数。针灸治疗除主穴合谷、睛明、太阳、太冲外配穴为____,阳池、曲池,风池、少商,外关、天井,涌泉、太溪,行间、侠溪,E
医者的手指消毒和施行针刺部位的消毒正确的为____,穴位用 95% L 醇棉球或 0.,涂擦穴位应该先外再内，集中消毒,炎症部位可以不需要消毒,手指必须先用肥皂水洗刷干净,手指用 75%, 醇棉球或 5% 的碘伏涂擦消毒,D
患者素体虚弱，近劳累后耳鸣如蝉，时发时止，夜间为重，听力减退，兼虚烦失眠，头晕目眩，食纳差，面萎黄，舌红少苔，脉细，宜选取的穴位为____,听宫、侠溪、中渚,耳门、听会、翳风、太冲,太溪、耳门、听会、太冲,侠溪、听会、翳风、中渚、肾俞,以上都不对,D
内踝高点上 3 寸，胫骨内侧面后缘是____,光明,复溜,三阴交,阴陵泉,绝骨,C
治疗中经络之痰热腑实证，应配用____,太溪、风池,曲池、丰隆、内庭,丰隆、合谷,足三里、气海、血海,太冲、太溪,B
隔盐灸的适应证是____,吐泻并作、中风脱证,疮疡久溃不敛,瘰疬、初起的肿疡,风寒痹痛、呕吐,因寒而致的呕吐、腹痛,A
脏腑之气汇聚于胸腹部的腧穴称为____, 原穴,募穴,络穴,八会穴,五输穴,B
下列‘八会穴’有误的是____,气会章门,腑会中脘,髓会绝骨,脉会太渊,脏会章门,A
公孙穴位于____,第一跖骨趾关节部，赤白肉际处,第一跖骨小头前缘，赤白肉际处,第一跖骨小头后缘，赤白肉际处,第一跖骨基底部前下缘，赤白肉际处,第一跖骨基底部后下缘，赤白肉际处,D
下列有关风府穴针刺操作的叙述，正确的____,向鼻尖方向缓慢刺入 0.5~1 寸,向上缓慢刺入 0.5~1 寸,向上缓慢刺入 1~1.5 寸,向下颌方向缓慢刺入 0.5~1 寸,正坐位，头微后倾，项部放松,D
常用治疗急性病的灸法是____,雀啄灸,温灸器灸,太乙神灸,瘢痕灸,温和灸,A
足太阴脾经与手少阴心经的循行交接部位是____,心中,手小指端,肺中,足大趾内端,胸中,A
风池穴主治除哪项以外的各种病症____,目赤肿痛，目眩,中风偏瘫,腹痛便秘,感冒，热病,鼻衄，鼻渊,C
下列各项中，不属于远部选穴的是____,耳聋选中渚,咳嗽取中府,头痛选至阴,胃痛选足三里,目赤选关冲,B
 前额两发角（头维）之间的骨度分寸是____,6 寸,9 寸,8 寸,13 寸,12 寸,B
膀胱俞主治____,带下病、月经不调,小便频数或不利、遗尿,疝气,水肿,腰腿痛,B
 以下穴位不在腕横纹上的是____,神门、大陵,太渊、阳溪,养老、小海,阳谷、阳池,以上穴位均在腕横纹上,C
 下列不属于曲泽穴主治病证的是____,咳嗽、胸满,暑热病,肘臂挛痛,胃痛、呕血,心痛、善惊,A
针灸治疗实证痛经应主取的是____,任脉、足少阴经穴,督脉、足厥阴经穴,冲脉、足厥阴经穴,任脉、足厥阴经穴,任脉、足太阴经穴,E
常用于治疗口歪、痛经、小便不利的腧穴是____,中脘,隐白,大敦,期门,太冲,E
治疗耳鸣耳聋实证的主穴是____,听会、合谷、印堂、外关,翳风、地仓、太阳、内关,翳风、听会、侠溪、中渚,听会、耳门、昆仑、腕骨,风池、听宫、头维、尺泽,C
络穴主要治疗____,六腑病证,五脏六腑病证,五脏病证,表里经脉病证,急性病证,D
男性，45 岁。5 年来，胃脘部经常反复发作性疼痛。表现为隐隐作痛，喜温喜按，纳差神疲，大便溏，苔白，脉弱。针灸取穴为____,中脘、足三里、膈俞、公孙、三阴交,中脘、足三里、脾俞、胃俞、内庭,中脘、内关、足三里、太冲、合谷,中脘、足三里、脾俞、胃俞、关元,中脘、内关、足三里、梁门、建里,D
下列腧穴中，治疗汗证首选的是____,涌泉,复溜,照海,太溪,然谷,B
男，25 岁，突发头痛，后头严重，连及项背，兼见恶风畏寒，口不渴苔薄白，脉浮紧，宜选用____,百会、太阳、风池、合谷、曲池,百会、太阳、风池、合谷、头维,百会、太阳、风池、合谷、天柱,百会、太阳、风池、合谷、印堂,百会、太阳、风池、合谷、外关,C
肺实证、采用 “母子补泻法”，应泻____,尺泽,太渊,经渠,孔最,列缺,A
治疗耳鸣耳聋实证的主穴是____,听会、合谷、印堂、外关,翳风、地仓、太阳、内关,翳风、听会、侠溪、中渚,听会、耳门、昆仑、腕骨,风池、听宫、头维、尺泽,C
络穴主要治疗____,六腑病证,五脏六腑病证,五脏病证,表里经脉病证,急性病证,D
男性，45 岁。5 年来，胃脘部经常反复发作性疼痛。表现为隐隐作痛，喜温喜按，纳差神疲，大便溏，苔白，脉弱。针灸取穴为____,中脘、足三里、膈俞、公孙、三阴交,中脘、足三里、脾俞、胃俞、内庭,中脘、内关、足三里、太冲、合谷,中脘、足三里、脾俞、胃俞、关元,中脘、内关、足三里、梁门、建里,D
下列腧穴中，治疗汗证首选的是____,涌泉,复溜,照海,太溪,然谷,B
男，25 岁，突发头痛，后头严重，连及项背，兼见恶风畏寒，口不渴苔薄白，脉浮紧，宜选用____,百会、太阳、风池、合谷、曲池,百会、太阳、风池、合谷、头维,百会、太阳、风池、合谷、天柱,百会、太阳、风池、合谷、印堂,百会、太阳、风池、合谷、外关,C
肺实证、采用 “母子补泻法”，应泻____,尺泽,太渊,经渠,孔最,列缺,A
直接灸法又可分为____,化脓灸、瘢痕灸,艾炷灸、艾条灸,非化脓灸，无瘢痕灸,艾条灸、白芥子灸,化脓灸、非化脓灸,E
丰隆穴的功效中最突出的特点是____,活血化瘀,宣肺化痰,通腑泻热,清肺止咳,健脾化痰,E
大肠的募穴是____,梁门,中脘,下脘,天枢,水道,D
下列各项中，叙述错误的是____,脾之大络络散布于全身,任脉别络散布于腹部,心经络脉走向小肠经,大肠经之络脉走向肺经,督脉别络散布于头部,A
后溪穴的主治不包括____,耳鸣耳聋,头项强痛,癫、狂、痫,热病、疟疾,胸胁疼痛,E
治疗腰脊强痛应首选____,公孙,列缺,足临泣,后溪,照海,D
环跳穴治疗下肢病的理想针感为____,针感传至足,局部酸胀,针感传至前阴,针感传至膝,针感传至小腿,A
艾灸至阴穴最常用于治疗____,胎位不正,目痛,鼻衄,难产,头痛,A
十四椎下旁开 3 寸的穴位是____,膀胱俞,肾俞,大肠俞,志室,胃俞,D
临床取孔最常用于治疗____,咽喉肿痛,咳血,头痛,肘臂挛痛,痔疮,B
以下穴位不在发际以上的穴位是____,风府,上星,头临泣,素髎,哑门,D
选择毫针治疗正确的为____,女性、体弱、形瘦的，病变部位较浅者，选用较粗的、较短的毫针,皮薄肉少和针刺较浅的腧穴，选针宜短而针身宜粗,选择针具的长度一般以将针刺入腧穴应至的深度而正好针身没入体内为宜,皮厚肉丰和针刺较深的腧穴，选针宜长而针身宜粗,男性、体壮、形胖的，病变部位较深者，选用较细的、较长的毫针,D
治疗痛痹宜配穴____,大椎、曲池,足三里、阴陵泉,阳陵泉、大杼,肾俞、关元,膈俞、血海,D
治疗带下量多，色黄稠黏，如脓如涕，气秽臭，阴中瘙痒，小腹作痛，小便短赤，口苦咽干，舌红，苔黄，脉滑数。治疗除主穴带脉、中极、白环俞、三阴交外，宜加取____,次髎、行间、阴陵泉,关元、肾俞,脾俞、足三里,血海、三阴交,中脘、天枢,A
治疗经血不止 10 天，下血量多，色深红，质黏稠，气味臭秽，口干喜饮，舌红苔黄，脉滑数。治疗取穴是____,关元、三阴交、行间、阴陵泉,关元、足三里、隐白、太冲,关元、三阴交、隐白、血海,关元、足三里、隐白、内庭,气海、三阴交、足三里、太溪,C
患者牙龈红肿，牙痛剧烈，伴口臭，口渴，便秘，尿赤，舌红，苔黄，脉洪数。治疗除主穴合谷、颊车、下关外，宜配____,内庭、二间,外关、风池,太溪、行间,太冲、行间,行间、侠溪,A
张某，男，24 岁。形体壮硕，肌肉结实，消谷善饥，大便干燥，舌质红，苔黄腻，脉滑数。针刺治疗应在常规取穴的基础上加____,三阴交、水分,肾俞、关元,膻中、内关,脾俞、足三里,上巨虚、内庭,E
患者女，53 岁。右上齿痛半年，隐隐作痛，时作时止，午后或夜晚加重，日久不愈，伴头晕眼花，手足心热，腰膝酸软，舌红，苔少，脉细数。针灸治疗在合谷、颊车、下关的基础上，应加取____,外关、风池,内庭、二间,太溪、行间,风池、侠溪,风池、太冲,C
患者女，32 岁，平素月经常错后，此次停经半年，尿妊娠(-)。兼见小腹冷痛，四末不温，喜温喜按，舌淡暗，苔薄白，脉沉迟。治疗除主穴外，还应加用____,丰隆、阴陵泉,血海、太冲,脾俞、胃俞,命门、腰阳关,内关、膻中,D
治疗胸闷气短，心悸汗出，形寒肢厥，腰酸乏力，面色淡白，唇甲色淡，舌淡胖有齿痕，苔白润，脉沉细。治疗除主穴外，应配____,神阙、太冲,中脘、丰隆,心俞、至阳,气海、关元,膈俞、三阴交,D
患者发热，微恶风寒，汗出，鼻塞流黄涕，痰黄质稠，咽喉肿痛明显，口渴，苔黄，脉浮数。最佳针灸取穴处方是____,风门、肺俞、风池、大椎、太阳、列缺、合谷,大椎、风池、太阳、列缺、合谷、曲池、少商,身柱、大杼、风池、大椎、太阳、列缺、合谷,阴陵泉、委中、大椎、太阳、列缺、合谷,天突、肺俞、中府、列缺、合谷、大椎、曲池,B
一患者不易入睡，睡而易醒，兼见心悸健忘，头晕目眩，纳差神疲，面色无华，舌淡苔薄白，脉细数。治疗除主穴外，还应配伍____,心俞、脾俞,心俞、肾俞,心俞、胆俞,公孙、足三里,丰隆、内庭,A
患儿男，5 岁。白天小便频而量少，夜晚睡中遗尿，劳累后加重，面白无华，少气懒言，食欲不振，大便稀溏，舌淡苔白，脉细无力。应选取的主穴为____,百会、神门、中极、膀胱俞,中极、阴陵泉、阳陵泉、行间,关元、中极、膀胱俞、三阴交,脾俞、肾俞、次髎、足三里,中极、关元、气海、血海,C
患者女，58 岁。头昏神疲，四肢乏力，唇甲色淡，舌淡苔薄白，脉细弱。最佳针灸处方是____,百会、风池、中脘、丰隆、阴陵泉、太冲、内关,百会、风池、肾俞、肝俞、脾俞、气海、足三里,百会、风池、悬钟、太溪、足三里、肾俞、肝俞,百会、风池、曲池、合谷、太冲、三阴交、行间,百会、风池、曲池、肾俞、肝俞、合谷、太冲,B
患者发热恶寒，无汗，嗽咳喷嚏，痰白涕清，头痛，肢体酸楚，舌淡苔薄白，脉浮紧。最佳针灸取穴处方是____,太渊、少商、风池、大椎、太阳、列缺、合谷,风门、肺俞、太阳、列缺、合谷、风池、大椎,身柱、大杼、风池、大椎、太阳、列缺、合谷,阴陵泉、委中、大椎、太阳、列缺、合谷、风池,天突、肺俞、中府、列缺、合谷、大椎、曲池,B
颈部和腰部扭伤，除取主穴外，还应加用的穴位是____,夹脊穴,太阳经穴,督脉穴位,少阳经穴,任脉穴位,A
张某，男，60 岁，既往高血压、糖尿病病史，与人争吵后突发头痛、呕吐，左侧肢体偏瘫，无感觉障碍，血压 180/100mmHg。诊断首先考虑____,脑出血，右侧脑叶出血,脑出血，右侧壳核出血,脑出血，左侧颞叶沟回疝,蛛网膜下腔出血,脑出血，小脑扁桃体疝,B
治疗肾绞痛伴血尿者，宜加用____,委阳、阴陵泉,命门、关元,地机、血海,内关、足三里,水分、水道,C
患儿男，5 岁。白天小便频而量少，夜晚睡中遗尿，小便清长，素日神疲乏力，面色苍白，畏寒肢冷，舌淡苔白，脉沉迟无力。治疗除主穴外，还应加取____,百会、神门、太溪,气海、血海、肾俞,阳陵泉、行间、太冲,脾俞、肾俞、足三里,肾俞、命门、太溪,E
张某，男，12岁。夏季饮冷后出现腹痛泄泻，便质清稀，水谷相混，肠鸣腹胀，得温痛减，口不渴，舌淡，苔白滑，脉迟。治疗在主要穴位的基础上加用____,梁门、中脘,支沟、下脘,内庭、曲池,天枢、下脘,神阙、关元,E
刘某，男，72 岁。咳喘反复发作 20 余年，现喘促气短，动则喘甚，汗出肢冷，舌淡，脉沉细。最佳取穴方案是____,太渊、列缺、孔最、天突、三阴交、足三里,肺俞、风门、风池、风府、天突、列缺,鱼际、列缺、天突、风门、太渊、太溪,太渊、列缺、膏肓、太溪、肺俞、肾俞,太渊、太溪、太冲、太白、中府、天突,D
张某，女，13岁。经期不规则，此次经血大下，量多如崩，血色深红，质黏稠，气腥味重，兼见口干喜饮，舌红苔黄，脉滑数。治疗最佳取穴方案为____,关元、三阴交、隐白、公孙、血海、地机,关元、三阴交、血海、阴陵泉、合谷,关元、三阴交、肾俞、命门、腰阳关,关元、三阴交、地机、然谷、太溪、交信,关元、三阴交、阴陵泉、太冲、隐白,A
张某，男，78 岁。小便滴沥不爽 6 年，排出无力，小腹坠胀，平素气短神疲，纳差懒言，大便不成形，舌淡，苔白，脉细弱。治疗在主穴的基础上配伍____,曲池、委阳,肺俞、尺泽,阴谷、太溪,气海、足三里,肝俞、太冲,D
患者女，25 岁。产后泌乳量少质稀，乳房柔软无胀感，面色苍白，唇甲无华，神疲乏力，便溏，舌淡，苔薄白，脉虚细。除主穴乳根、膻中、少泽外，应加取____,太冲、内关,足三里、脾俞,肝俞、膈俞,中脘、天枢,期门、太冲,B
治疗经期下腹部疼痛剧烈，经行不畅，经色紫黑，有血块，经前伴乳房胀痛，舌有瘀斑，脉细弦。治疗除主穴外还应选取____,太冲、阳陵泉,列缺、归来,关元、气海,肝俞、肾俞,膏肓、志室,A
患者腹痛绵绵，时作时止，痛时喜温喜按，饥饿或劳累后加剧，得食或休息后痛减，神疲乏力，畏寒肢冷，舌淡苔白，脉沉细。最佳治法为____,温运脾阳、缓急止痛，以足阳明、足厥阴经及任脉穴为主,通调肠胃、行气导滞，以足阳明、足太阴及足太阳经穴为主,温经散寒、理气止痛，以足太阴、足阳明及任脉穴为主,活血化瘀、行气止痛，以足阳明、足厥阴经及任脉穴为主,清热导滞，行气止痛，以足厥阴、足阳明及足太阴经穴为主,A
张某，女，48岁，大便干结难解，腹胀善嗳，胸胁痞满，舌淡苔薄腻，脉弦。最佳取穴方案为____,天枢、神阙、脾俞、太白、足三里、上巨虚,天枢、气海、关元、上巨虚、脾俞、肾俞,天枢、水分、上巨虚、阴陵泉、下脘、梁门,天枢、大肠俞、支沟、上巨虚、中脘、太冲,天枢、中脘、归来、支沟、上巨虚、大肠俞,D
舌尖红而生点刺，往往提示____,心火炽盛,肝胆火盛,风热犯肺,胃肠热盛,肾阴虚火旺,A
舌嫩体胖而有齿痕属于____,气血两虚,阴虚内热,脾虚湿阻,邪热入营,痰热内阻,C
舌体强硬而苔厚腻属于____,痰蒙心神,湿阻心神,风痰阻络,心火亢盛,邪热炽盛,C
吐弄舌的主病是____,气血两虚,热扰心神,肝风内动,心脾有热,阴虚火旺,D
舌苔黄厚而腻，多为____,风寒表证,食滞,湿热,瘀血,津液亏虚,C
热渐盛而津渐伤在舌象上常有的变化是____,舌苔由白转黄,舌光无苔,舌苔由润变燥,舌苔由薄变厚,舌苔焦黑起裂,C
八纲作为辨证的主要内容，实际形成于____,《内经》,《伤寒论》,《景岳全书》,《医宗金鉴》,《伤寒质难》,A
表证最常见于____,太阳病证,上焦病证,皮肤浅表部位的病变,内伤杂病,外感病初期,E
有关表里证的说法中，不正确的是____,病位在皮毛、肌肉、经络、气血、息道者属表,病位在脏腑、精髓者属里,病位在经络有表里之分,病位在脏腑有表里之分,表证多见于外感病的初起阶段,C
病人先有恶寒发热，继而恶寒消失，反恶热，伴有口渴喜饮，舌红苔黄，脉洪数，证属____,表寒里热,风热犯肺,表里同病,寒证化热,表邪入里,E
辨寒热的意义是____,辨病因,辨病性,辨病位,辨邪正关系,辨标本缓急,B
下列属于寒证常见病因的是____,阳邪亢盛,暑邪亢盛,阴液亏损,阳气亏损,风热袭表,D
两颧潮红，见于____,虚阳上越,阳虚发热,阴虚内热,阳明实热,心火亢盛,C
阳虚与气虚的主要区别是____,有无神疲乏力,有无少气懒言,寒象是否明显,舌质是否淡嫩,小便是否清长,C
“寒包火”证属于____,表实寒里虚热证,表实寒里实热证,表虚寒里实热证,表虚寒里虚热证,表里俱寒证,B
表虚，主要是指____,风热表虚证,伤风表虚证,有汗之表证,卫表不固证,太阳中风证,D
某些疾病容易出现证候真假的阶段是____,初期阶段,极期阶段,危重阶段,传变阶段,末期阶段,C
下列各项，不属于病性辨证内容的是____,辨六淫证候,辨津液证候,辨情志证候,辨卫气营血证,辨阴阳虚损证,D
阳虚可导致的病理变化，不包括的是____,气滞,血瘀,血热,水泛,痰饮,C
下列疼痛特点不属血瘀证的是____,刺痛,痛处固定不移,夜间疼痛加重,面色青紫,时轻时重,E
属于气滞临床表现的是____,面色萎黄,咽干盗汗,神疲乏力,舌淡胖,头胀痛多随情绪发生变化,E
大失血所致的气脱，称为____,阳气虚脱证,气不摄血证,亡阳证,血虚气脱证,气随血脱证,E
瘀血疼痛的特点是____,隐痛,窜痛,重痛,刺痛,胀痛,D
患者手足冷痛，月经延期，行经时少腹拘急疼痛，月经色紫暗有血块，脉沉弦迟，证属____,血瘀证,血寒证,血虚证,气滞血瘀证,血热证,B
饮停胸胁，症见胸胁饱满，咳嗽时牵引作痛，此属____,痰饮,支饮,悬饮,溢饮,腹水,C
下列各项，不属于脾病中常见症状的是____,腹胀腹痛,出血,浮肿,泄泻,恶心嗳气,E
胃脘冷痛喜按，吐清水，口淡不渴，舌淡嫩，脉沉迟无力，属于____,胃阳虚证,脾阳虚证,寒湿困脾证,寒滞胃肠证,食滞胃脘,A
但坐不得卧，卧则气逆属于____,肺胀咳喘或水气凌心,气血不足,肝风内动,肾不纳气,中气下陷,A
心气虚、心阳虚、心血虚、心阴虚四证的共同临床表现是____,心痛,心烦,失眠,健忘,心悸,E
诊断心阴虚证，与心悸同见，最有意义的是____,头晕,面白,健忘,失眠,舌红少苔,E
痰火扰神证中，与神昏同见的是____,溲赤便秘,渴喜冷饮,舌红苔黄腻,高热抽搐,脉象细数,C
心气虚证与心阳虚证最主要的共见症状是____,面白神疲,脉细无力,舌质淡白,形寒肢冷,心悸气短,E
燥邪犯肺证与肺阴虚证的共同症状是____,微恶风寒,潮热盗汗,两颧潮红,干咳少痰,脉浮紧,D
风寒犯肺证与风热犯肺证的共同特点是____,咳嗽气喘,鼻流清涕,身痛无汗,咳痰稀白,咽喉肿痛,A
下列各项，不属于痰热壅肺表现的是____,咳痰黄稠,鼻流清涕,气喘息粗,吐脓血痰,溲赤便秘,B
根据胁肋胃脘胀痛，嗳气易怒，吞酸嘈杂，情绪抑郁，饮食减少，苔薄黄，脉弦等症，可考虑为____,肝火上炎证,肝脾不调证,肝胃不和证,胆郁痰扰证,肝郁气滞证,C
脾气虚、脾阳虚、脾气下陷证的共同症状是____,便溏肢倦,肢体困重,脘腹坠胀,肢体浮肿,舌淡而胖,A
脾气虚、脾虚气陷、脾不统血的共同症状是____,纳差乏力,久泄不止,畏寒肢冷,头晕目眩,月经过多,A
脾病虚证的基础证型是____,脾虚气陷证,脾阳虚证,脾胃气虚证,脾气虚证,脾不统血证,D
下列对鉴别寒湿困脾证与湿热蕴脾证最有意义的是____,有无脘腹痞胀,有无纳呆呕恶,黄疸鲜明或晦暗,是否腹胀便溏,是否肢体困重,C
下列各项，不属于肝火上炎证与肝阳上亢证相同临床表现的是____,面红目赤,头晕目眩,腰膝酸软,急躁易怒,脉弦,C
诊断肝血不足的主要症状依据是____,舌淡脉细,面色淡白,头晕目眩,心悸耳鸣,肢麻筋挛,E
常见手足蠕动症状的证候是____,肝阳上亢证,血虚生风证,阴虚动风证,热极生风证,肝阳化风证,C
少腹冷痛，前阴坠胀疼痛，舌淡脉沉紧，其证候是____,肝胃不和证,寒滞肝脉证,肾阳虚证,寒凝胃肠证,胃肠气滞证,B
头晕目眩，面白无华，视物模糊，舌淡脉细，其证候是____,肝血虚证,心血虚证,心肝血虚证,心脾气血虚证,肝阴虚证,A
肺肾阴虚证的临床特征是____,头晕目眩，胸胁胀闷,干咳少痰，腰酸遗精,阴囊湿疹，外阴瘙痒,胁肋冷痛，声音嘶哑,形寒肢冷，舌淡脉弦,B
肝阳上亢证属于____,虚证,实证,热证,下虚上实证,里热证,D
经闭半年，伴见面色无华，头晕目眩，肌肉蠕动，舌淡脉细，最宜诊断为____,肝血虚证,心肝血虚证,肾精不足证,肝肾阴虚证,心脾两虚证,A
胃脘嘈杂，饥不欲食，口燥咽干，便干尿黄，舌红少津，脉细数，最宜诊断为____,胃热炽盛证,胃阴虚证,大肠热结证,肝火犯肺证,胃肠气滞证,B
咳喘，面白无华，乏力气短，纳少腹胀，咯痰清稀，舌淡脉弱，最宜诊断为____,寒痰阻肺证,脾肺气虚证,心肺气虚证,肺肾气虚证,肺气不足证,B
太阳蓄血证的主要临床特征是____,惊狂，坐卧不安,发狂，脐腹满痛,惊痫，时瘛疚,如狂，少腹急结,身黄，脉沉结,D
口苦，咽干，寒热往来，胸胁苦满，脉弦，其证候是____,太阳经证,太阳腑证,少阳病证,阳明经证,阳明腑证,C
少阴病人主要病理特征为____,心气衰弱,阴血不足,心肾虚衰,脾胃阳虚,肺肾两虚,C
少阴热化证的心烦不寐的病机是____,邪热内盛,肝阳上扰,水亏火旺,上热下寒,热结胃肠,C
下焦病症的病理实质是____,肾阳虚,肝阴虚,心阴虚,肝肾阴虚,心肾阳虚,D
伤寒两经或三经同时出现病证，称为____,循经传,越经传,合病,表里传,并病,C
卫分证的主要辨证依据是____,头身疼痛，鼻塞,咽喉肿痛，咳嗽,发热，微恶风寒,无汗或有汗,口微渴而咳嗽,C
属于绝汗的是____,亡阴之汗,黄汗,战汗,自汗,盗汗,A
在病势沉重之时，先见全身战栗抖动，而后汗出的称为____,亡阴之汗,黄汗,战汗,自汗,盗汗,C
两侧头痛属于____,太阳经,少阴经,阳明经,太阴经,少阳经,E
后头痛连项背属于____,太阳经,少阴经,阳明经,太阴经,少阳经,A
肾虚腰痛的特点为____,绵绵作痛，酸软无力,冷痛沉重，阴雨天加重,痛如针刺，固定不移,胀满疼痛,重痛，活动受限,A
肝气犯胃所致胃脘痛的特点为____,绵绵作痛，酸软无力,冷痛沉重，阴雨天加重,痛如针刺，固定不移,胀满疼痛,重痛，活动受限,D
自觉口中有苦味属于____,脾胃虚寒,饮食停滞,肝气郁结,肝胆火热,湿浊停滞,D
尿少而短赤，发热口渴属于____,湿热蕴结,热盛伤津,肾气虚弱,肝郁犯脾,气虚失运,B
小便之后点滴不尽属于____,湿热蕴结,热盛伤津,肾气虚弱,肝郁犯脾,气虚失运,C
大便秘结，发热腹痛属于____,热结肠道，热盛伤津,津液亏少，肠道失润,阴血不足，肠失濡润,气虚失运，传送无力,阳虚寒凝，气机滞塞,A
大便时干时稀属于____,脾气亏虚,肛门瘀血,肝郁脾虚,大肠湿热,肾虚命门火衰,C
瞪目直视属于____,脏腑精气将绝,风热毒邪上攻,太阳经绝证,寒湿水饮内停,肝胆火炽,A
病人两目上视，不能转动或兼项强抽搐，角弓反张属于____,脏腑精气将绝,风热毒邪上攻,肝风内动,寒湿水饮内停,肝胆湿热,C
四肢或某一肢体肌肉消瘦、萎缩，松软无力属于____,气血亏虚,邪气壅盛,寒湿内侵,先天不足，肾精不充,湿热侵淫,A
疮疡漫肿无头，部位较深，皮色不变，不热少痛者为____,痰核,痈,疥肿,红丝疔,阴疽,E
肺痈病人咳痰的特点是____,痰白清稀或有灰白点,痰黄黏稠有块,痰少而黏，难咯,脓血痰味腥臭,痰白滑量多，易咯,D
下列舌象主热盛伤津，气血壅滞的是____,淡红舌,红绛舌,青紫色,舌绛紫而干,舌红而燥,D
舌质苍老属于____,寒证,热证,实证,虚证,阴证,C
观察舌苔的润燥，主要了解____,湿浊的消长,邪气的深浅,津液的盈亏,疾病的进退,胃气的盛衰,C
舌红苔剥，多主____,血虚,阴虚,气虚,阳虚,胃气阴两虚,B
外感秽浊之气，热毒内盛可见____,白腻苔,黄腻苔,积粉苔,灰黑干燥苔,黑苔而滑,C
洪脉的脉象特征是____,浮大中空,浮而搏指,来盛去衰，滔滔满指,厥厥动摇,轻刀刮竹,C
自言自语，喃喃不休，见人语止，首尾不续，称为____,郑声,独语,狂言,谵语,错语,B
白喉咳嗽的特点是____,干咳,顿咳,咳声清脆,咳声重浊,咳如犬吠,E
顿咳的表现特点是____,咳声重浊,咳声低微,咳声紧闷,咳如犬吠,咳终止时作鹭鸶叫声,E
有关里证的临床表现中，不正确的是____,潮热,神昏烦躁,汗出口渴,关节酸痛,胸闷腹痛,D
风热犯肺证与肺热炽盛证最具区别的症状是____,发热口渴,气喘,咳嗽,咽喉肿痛,脉浮数,E
以下疾病均可引起腹泻，常表现为慢性腹泻的是____,伤寒,败血症,食物中毒,过敏性紫癜,肾上腺皮质功能减退症,E
可出现草莓舌的疾病是____,猩红热,缺铁性贫血,糙皮病,恶性贫血,核黄素缺乏,A
可出现与颈动脉搏动节律一致的点头运动的是____,颈椎病,帕金森病,三尖瓣关闭不全,严重的主动脉瓣关闭不全,二尖瓣狭窄,D
可引起触觉语颤减弱的疾病是____,压迫性肺不张,肺实变,肺内浅而大的空洞,肺癌,胸膜增厚粘连,E
胸骨左缘第 2 肋间可闻及连续性机器声样杂音，提示的疾病是____,主动脉瓣狭窄,主动脉瓣关闭不全,肺动脉瓣狭窄,肺动脉瓣关闭不全,动脉导管未闭,E
可引起第一心音增强的是____,主动脉瓣狭窄,二尖瓣关闭不全,主动脉瓣关闭不全,二尖瓣狭窄,左心功能不全,D
关于二度Ⅰ型房室传导阻滞的心电图特征，正确的是____,P-R间期进行性缩短,R-R间距进行性延长,固定的房室3:1传导,P-R间期进行性延长，伴QRS波脱漏,P-R间期恒定,D
头目胀痛多见于____,肝阳上亢,脾胃湿热,肝肾阴虚,中气下降,外感风热,A
头晕而胀，烦躁易怒，舌红，脉弦数属于____,肝火上炎,肝阳上亢,肝肾阴虚,肝胆湿热,肝火犯胃,A
下列各项，不属于问诊的一般情况的是____,姓名,性别,年龄,婚况,收入,E
提示疾病发展的转折点的是____,自汗,盗汗,绝汗,冷汗,战汗,E
口干而但欲漱水而不欲咽属于____,血瘀证,湿热证,血分证,气分证,阴虚证,A
少神表现为____,神疲少气懒言,神志昏迷,肌肉大削,突然出现面红如妆,狂躁乱语,A
中气虚弱的表现是____,胖而能食,肥而食少,形瘦食多,形瘦食少,胃火亢盛,B
斑秃属于____,血虚受风,气血两虚,血虚化燥,肾虚,阴虚,A
阳热有余，蒸腾胃中腐浊邪气上升可形成____,白腻苔,积粉苔,黄腻苔,腐苔,黏腻苔,D
金实不鸣的原因为____,风寒犯肺,虚火灼肺,肺气不足,肺肾阴虚,燥邪犯肺,A
言语轻迟低微，欲言不能复言，为____,错语,谵语,独语,夺气,郑声,D
郑声的病机是____,心气大伤,热扰心神,中气大伤,痰火扰心,痰蒙心神,A
脉形宽大，来盛去衰是指____,洪脉,大脉,滑脉,实脉,濡脉,A
辨寒热真假的主要临床依据是____,面色,四肢温度,舌象,脉象,神志,C
头痛、头晕经久不愈，痛有定处，痛如针刺，健忘，舌紫暗者诊断为____,肝阳上亢,痰蒙心神,肝风内动,肝火上炎,瘀阻脑络,E
产生寒湿困脾证最常见的原因是____,久泄久痢,过食生冷,劳倦内伤,五更泄泻,身倦乏力,B
持续低热，五心烦热，神疲欲寐，形瘦口干，耳聋，脉虚细，其证候是____,气分证,营分证,血分证,气营两燔证,卫分证,C
下列关于咳嗽出现的时间与节律的描述，错误的是____,突发剧烈咳嗽应考虑气管异物,支气管肺癌表现为阵发性咳嗽,慢性左心衰竭多表现为夜间阵发性咳嗽,晨起咳嗽加剧伴咯痰多见于支气管扩张症,百日咳表现为持续性咳嗽,E
可出现病灶对侧半身感觉障碍、偏瘫、同向偏盲的感觉障碍类型是____,脑干型,皮质型,脊髓型,神经根型,内囊型,E
乳腺炎时常出现淋巴结肿大的部位是____,左锁骨上淋巴结,右锁骨上淋巴结,腋窝淋巴结,滑车上淋巴结,腹股沟淋巴结,C
下列可引起周围性发绀的疾病是____,喉头水肿,肺淤血,气胸,胸腔积液,右心衰竭,E
骨髓增生程度减低时，成熟红细胞与有核细胞的比值是____,1:1,10:1,20:1,50:1,200:1,D
胸片后前位示上肺野呈大片状密度增高阴影，下缘整齐，以水平裂为界，上缘模糊不清，在实变的阴影中间见到支气管征像。该患者最可能的 X 线诊断是____,支气管肺炎,大叶性肺炎,右上肺不张,肺结核,中心型肺癌,B
胃溃疡患者突感腹部剧痛、呕吐，查体腹部呈板状腹，有压痛及反跳痛，应首选的检查方法是____,卧位腹平片,立位腹平片,胸片,腹部 CT,腹部 MRI,B
下列属于体温调节中枢功能失调引起的发热的是____,白血病,急性溶血,药物热,甲状腺功能亢进,中暑,E
当内生肌酐清除率(Ccr)为 10～19ml/min，肾功能分期是____,肾功能正常,肾衰竭代偿期,肾衰竭失代偿期,肾衰竭期,肾衰竭终末期,D
大咯血是指一日咯血量____,大于 100ml,大于 200ml,大于 300ml,大于 400ml,大于 500ml,E
风湿性二尖瓣狭窄的杂音特点是____,心尖部收缩期吹风样杂音,心尖部舒张期隆隆样杂音,胸骨左缘第二肋间收缩期吹风样杂音,胸骨右缘第二肋间收缩期吹风样杂音,胸骨左缘三四肋间舒张期叹气样杂音,B
皮肤黏膜色素沉着最常见于____,肝硬化,肝癌晚期,肾上腺皮质功能减退症,肢端肥大症,疟疾,C
传染病的基本特征是____,有传染性、季节性、免疫性和病原体,有传染性、病原体、免疫性和流行性,有传染性、流行性、季节性和病原体,有传染性、免疫性、地方性和病原体,有传染性、流行性、地方性和免疫性,B
流行性出血热早期出现低血压，最主要的原因是____,继发细菌感染,小动脉痉挛,小血管通透性增加，大量血浆外渗,高热、汗出、呕吐所致血容量下降,严重腔道出血,C
HIV 感染的细胞主要是____,神经胶质细胞,单核细胞,B 淋巴细胞,CD4+T 淋巴细胞,直肠黏膜上皮细胞,D
以下属于“癌症性格”的心理特征是____,乐观,坚强,压抑,自信,固执,C
糖尿病患者最常见的情绪反应是____,兴奋,抑郁,躁狂,平静,愤怒,B
行为不良通常不包括____,酒瘾,抑郁,偏爱体育运动,贪食,厌食,C
下列属于“治未病”实践的道德原则的是____,以提高人民群众健康水平为目的,尊重和满足患者的心理需要,尽量节约患者的费用,实事求是，尊重科学,综合分析，切忌片面,A
病势危重，冷汗淋漓如水，面色苍白，肢冷脉微，属于____,盗汗,战汗,亡阳之汗,自汗,亡阴之汗,C
病势危重，汗热而黏如油，躁扰烦渴，肢细数疾，属于____,盗汗,战汗,亡阳之汗,自汗,亡阴之汗,E
眼睑颜面先肿，兼见面唇青紫、心悸气促、不能平卧者属于____,先天不足，肾精亏损,外感风邪，肺失宣降,脾肾阳衰，水湿泛溢,心肾阳衰，血行瘀阻，水气凌心,心阳不足，水气凌心,D
神识不清，语无伦次，声高有力，称为____,谵语,郑声,独语,错语,夺气,A
神识不清，语言重复，时断时续，语声低弱模糊，称为____,谵语,郑声,独语,错语,夺气,B
促脉的特征是____,脉来数而时一止，止无定数,脉来缓而时一止，止无定数,脉来一止，止有定数，良久方来,脉来急疾，一息七八至,脉形如豆，滑数有力,A
结脉的脉象是____,脉来数而时一止，止无定数,脉来缓而时一止，止无定数,脉来一止，止有定数，良久方来,脉来急疾，一息七八至,脉形如豆，滑数有力,B
口舌糜烂又见小便灼热涩痛的证候是____,心火亢盛证,肝阳上亢证,肝气郁结证,痰火扰心证,心血瘀阻证,A
可出现咳嗽伴大量脓痰的是____,肺炎球菌肺炎,支气管扩张症,肺癌,支气管哮喘,急性左心衰竭,B
可出现咳嗽伴咯铁锈色痰的是____,肺炎球菌肺炎,支气管扩张症,肺癌,支气管哮喘,急性左心衰竭,A
心界叩诊可呈“靴形”的是____,主动脉瓣关闭不全,二尖瓣狭窄,心包积液,缩窄性心包炎,肺气肿,A
心界叩诊可呈“梨形”的是____,主动脉瓣关闭不全,二尖瓣狭窄,心包积液,缩窄性心包炎,肺气肿,B
判断肾小球损害的敏感指标是____,内生肌酐清除率(Ccr)测定,血肌酐(Cr)测定,血尿素氮(BUN)测定,浓缩稀释试验,血清尿酸(UA)测定,A
反映远曲小管和集合管的重吸收功能的是____,内生肌酐清除率(Ccr)测定,血肌酐(Cr)测定,血尿素氮(BUN)测定,浓缩稀释试验,血清尿酸(UA)测定,D
输尿管结石患者腹痛的性质是____,钻顶样疼痛,剧烈刀割样疼痛,胀痛,烧灼样疼痛,绞痛,E
胆道蛔虫患者腹痛的性质是____,钻顶样疼痛,剧烈刀割样疼痛,胀痛,烧灼样疼痛,绞痛,A
大便隐血试验阳性，提示消化道出血量至少是____,5ml,30ml,60ml,100ml,120ml,A
出现柏油样便，提示消化道出血量至少是____,5ml,30ml,60ml,100ml,120ml,C
流感的主要传播途径是____,呼吸道传播,消化道传播,体液传播,皮肤黏膜接触传播,蚊虫媒介传播,A
伤寒的主要传播途径是____,呼吸道传播,消化道传播,体液传播,皮肤黏膜接触传播,蚊虫媒介传播,B
焦虑症的主要特征是____,没有原因地担忧未来,无法抑制地想一个问题或重复一个动作,不能客观地看待客观事物，对事物的评价非黑即白，且在两端摇摆，伴有知情意的不统一,不遵守社会规范,情绪低落、自我评价低，主动意识下降,A
强迫症的主要特征是____,没有原因地担忧未来,无法抑制地想一个问题或重复一个动作,不能客观地看待客观事物，对事物的评价非黑即白，且在两端摇摆，伴有知情意的不统一,不遵守社会规范,情绪低落、自我评价低，主动意识下降,B
医德评价中最普遍、最重要的一种方式是____,社会舆论,内心信念,传统习俗,慎独,自我批评,A
医德评价中体现出医务人员对医德义务的深刻认识和强烈责任感的是____,社会舆论,内心信念,传统习俗,慎独,自我批评,B
3. 骨髓增生活跃时，成熟红细胞与有核细胞的比值是____,1:1,10:1,20:1,50:1,200:1,C
4. 下列舌象主热盛伤津，气血壅滞的是____,淡红舌,红绛舌,青紫色,舌绛紫而干,舌红而燥,D
5. 可出现与颈动脉搏动节律一致的点头运动的是____,颈椎病,帕金森病,三尖瓣关闭不全,严重的主动脉瓣关闭不全,二尖瓣狭窄,D
6. 寒痰湿浊引起的咳嗽特点是____,咳声不扬,咳声清脆,咳声如犬吠,咳声低微,咳声重浊沉闷,E
可出现水肿伴脾肿大、蜘蛛痣的疾病是____,右心衰竭,肾病综合征,肝硬化,甲状腺功能减退症,原发性醛固酮增多症,C
下列不按甲类传染病管理的疾病是____,AIDS,肺炭疽,霍乱,SARS,鼠疫,A
以夜间阵发性呼吸困难为突出表现的是____,喉头水肿,右心衰竭,左心衰竭,支气管哮喘,胸腔积液,C
病人但坐不得卧，卧则气逆者为____,心阳不足，水气凌心,气郁化火，痰火扰心,肾不纳气,气血两虚,肝风内动,A
苔质地细腻致密，与舌体表面紧紧粘牢，刮之不去，属于____,腐苔,腻苔,糙苔,滑苔,润苔,B
目前我国流脑流行的主要菌群是____,A 群,B 群和 C 群,D 群,X 群和 Y 群,Z 群,A
卫生法所涉及民事责任的主要形式是____,赔偿损失,返还财产,停止侵害,恢复名誉,赔礼道歉,A
下列各项，不属于但头汗出的原因是____,头感风热，迫津外泄,风湿热邪交蒸,中焦湿热蕴结，湿郁热蒸,阴寒内盛，元气将脱,进食辛辣、热汤、饮酒,A
下列各项，不是心身疾病特点的是____,以躯体症状为主，有明确的病理生理过程,某种人格特征是疾病发生的易患因素,疾病的发生发展与心理社会因素有关,生物或躯体因素是某些心身疾病发病的基础，心理社会因素起“扳机”的作用,单纯的生物学治疗即能取得较好的效果,E
病人时时恐惧，焦虑不安，心悸气促，不敢独处一室，其病机是____,痰火扰乱心神,心胆气虚，心神失养,痰浊蒙闭心神,肝风挟痰上逆，阻闭清窍,精气大伤,B
流行性出血热的“三痛”是指____,头痛、眼眶痛和腰痛,头痛、关节痛和腰痛,头痛、腹痛和腰痛,头痛、全身痛和腰痛,头痛、腓肠肌痛和腰痛,A
苔黑而滑润多见于____,湿热郁蒸,阴虚火旺,热盛伤津,痰火内蕴,寒湿内盛,E
可闻及胸骨左缘第 3、4 肋间舒张期叹气样杂音的是____,主动脉瓣狭窄,主动脉瓣关闭不全,二尖瓣狭窄,二尖瓣关闭不全,三尖瓣狭窄,B
胸片后前位两侧肺野透亮度减低，可见大小相等，密度一致，分布均匀的小结节状阴影，提示的疾病是____,支气管肺炎,间质性肺炎,浸润性肺结核,粟粒性肺结核,肺水肿,D
自觉口中有咸味属于____,肾虚寒水上泛,食滞不化,肝气郁结,肝胆火旺,湿浊停滞,A
医疗机构发现重大食物中毒事件时，应当在多长时间内向所在地县级人民政府卫生行政主管部门报告____,10 分钟,半小时,1 小时,2 小时,6 小时,D
医师在执业活动中由于不负责任延误急危患者的抢救造成严重后果的责令暂停执业活动，暂停期限为____,3 个月以上 6 个月以下,半年至 2 年,1 年以上 1 年半以下,半年以上 3 年以下,6 个月以上 1 年以下,E
舌红，脉弦数属于____,肝火上炎,肝阳上亢,肝肾阴虚,肝胆湿热,肝火犯胃,A
困倦嗜睡，伴头目昏沉，胸闷脘痞，肢体困重者属于____,痰湿困脾，清阳不升,脾失健运，清阳不升,正气未复,心肾阳衰，神失温养,气血不足,A
久病耳渐聋属于____,湿热时邪，蒙闭清窍,肝胆火盛，上扰清窍,风邪上袭，经气闭阻,营血不足，清气不升,精气虚衰，不能上充清窍,E
伤寒肠穿孔多发生于____,病程的第1周，在小肠,病程的第2周，在十二指肠,病程的第3周，在回肠,病程的第4周，在结肠,恢复期，部位不定,C
此病诊断是____,便秘,泄泻,痢疾,胃痛,食积,B
2. 此病的治疗原则是____,健脾益气，温肾止泻,消食导滞,疏通经络，行气止痛,活血化淤,温胃止痛,A
此病所选的主要经脉是____,足太阴脾经,足少阴肾经,足厥阴肝经,手少阳三焦经,足太阳膀胱经,C
7. 本案例应选的针灸治则是____,滋补肝肾，强筋健骨,健脾化湿，通络止痛,益气活血，通络止痛,补益脾胃，培元固本,活血化瘀，行气止痛,C
8. 根据上述治疗原则，除局部取穴外，针灸处方所选取的主要经脉是____,足厥阴肝经,足太阴脾经,足少阴肾经,足太阳膀胱经,督脉,E
9. 本案例除主穴外，应配用的穴位是____,肝俞、脾俞,太溪、肾俞,丰隆、阳陵泉,血海、膈俞,太冲、侠溪,A
本案例的治疗原则是____,疏风通络止痛,活血化瘀,清利头窍,补气活血,祛风散寒,A
本案例治疗原则是____,活血化瘀，通络止痛,舒筋活血，散寒止痛,舒筋活络，通经止痛,疏肝解郁，活血通络,以上都不是,C
本案例治疗应选取的主要经脉是____,手太阳经,足太阴经,手少阳经,足太阳经,以上都不是,A
患者王某，男，38 岁。胃脘痛 6 年，面色萎黄，形体消瘦，胃纳不佳，胃痛拒按，痛有定处，痛如针刺，舌右侧可见紫斑两块，脉细涩。患者应诊断为____,胃痛 胃阴不足,胃痛寒邪犯胃,胃痛气滞血瘀,腹痛气滞血瘀,腹痛寒邪内积,C
患者王某，男，38 岁。胃脘痛 6 年，面色萎黄，形体消瘦，胃纳不佳，胃痛拒按，痛有定处，痛如针刺，舌右侧可见紫斑两块，脉细涩。针灸治疗处方____,中脘、内关、足三里、胃俞、三阴交,中脘、内关、足三里、膈俞、膻中,中脘、内关、足三里、膈俞、公孙,中脘、内关、足三里、关元、气海,中脘、足三里、血海、膈俞、公孙,B
患者于某，女，27 岁。2 天前受风后出现右侧面部麻木，额纹消失，眼裂变大，鼻唇沟变浅，口角下垂歪向左侧，舌淡，苔薄白。患者临床诊断为____,中风——中经络风痰阻络,中风——中经络气虚血瘀,面瘫 风寒证,面瘫 气血不足,痿证 脾胃虚弱,C
患者于某，女，27 岁。2 天前受风后出现右侧面部麻木，额纹消失，眼裂变大，鼻唇沟变浅，口角下垂歪向左侧，舌淡，苔薄白。治疗主穴应选用____,阳白、四白、颧髎、地仓、颊车、合谷,阳白、鱼腰、水沟、迎香、承浆、合谷,攒竹、丝竹空、四白、巨髎、地仓、风池,攒竹、太阳、下关、颊车、地仓、翳风,四白、下关、水沟、承浆、合谷、太冲,A
患者于某，女，27 岁。2 天前受风后出现右侧面部麻木，额纹消失，眼裂变大，鼻唇沟变浅，口角下垂歪向左侧，舌淡，苔薄白。针刺面部穴位应采用____,直刺深刺,多穴重刺,电针强刺激,提插泻法,轻刺浅刺,E
患者男，30 岁，教师。感冒发热后心悸不宁已半年。平时面色无华，神疲乏力，失眠多梦，劳则心慌气短，近 10 天内心悸加剧，ECG 示室性期前收缩 8～12 次/分。舌质淡，苔薄白，脉细弱，有歇止。患者中医诊断为____,不寐——心脾两虚,心悸——心脾两虚,郁证——心脾两虚,虚劳——心脾两虚,癫病——心脾两虚,B
患者男，30 岁，教师。感冒发热后心悸不宁已半年。平时面色无华，神疲乏力，失眠多梦，劳则心慌气短，近 10 天内心悸加剧，ECG 示室性期前收缩 8～12 次/分。舌质淡，苔薄白，脉细弱，有歇止。针刺治疗主要在哪些经脉上取穴____,手少阴经、手厥阴经,督脉、手少阴经,任脉、足太阴经,手厥阴经、足厥阴经,手少阴经、足少阴经,A
患者男，30 岁，教师。感冒发热后心悸不宁已半年。平时面色无华，神疲乏力，失眠多梦，劳则心慌气短，近 10 天内心悸加剧，ECG 示室性期前收缩 8～12 次/分。舌质淡，苔薄白，脉细弱，有歇止。针对该患者，应在主穴的基础上加用____,足三里、脾俞,心俞、肾俞,公孙、太溪,太冲、三阴交,胆俞、丘墟,A
患者男，35 岁。12 年来每日黎明之际必泻 1 次，平素大便稀溏，日行数次，脐下胀痛，泻后则安，肛门重坠感，腹部及下肢不温，神疲乏力，小便清长，舌淡，苔薄白，脉沉细无力。以下说法中正确的是____,治疗主在除湿导滞，通调腑气,患者因肝失疏泄，横逆乘脾，运化失常而导致泄泻,患者为慢性泄泻，证型为肾阳虚衰,患者为急性泄泻，证型为寒湿内盛,针刺以足阳明、手阳明经经穴为主,C
针灸治法为____,醒脑开窍，启闭固脱,平肝潜阳，调和气血,醒脑调神，疏通经络,祛风通络，疏调经筋,醒脑开窍，息风豁痰,C
区别中经络和中脏腑的要点是____,根据患者的年龄和身体情况,根据兼症的多少,根据患者的预后情况,根据病位深浅和病情轻重,根据受损脏腑,D
此病诊断是____,月经先期,月经后期,月经先后不定期,痛经,崩漏,A
其治法是____,清热调经,温经散寒,行血调经,调补气血,行气调经,A
其治疗应选取的腧穴是____,关元、血海、三阴交、行间,关元、血海、三阴交、太溪,关元、血海、三阴交、神门,气海、三阴交、行间,气海、三阴交、太溪,A
其治疗应选取的主穴是____,中极、关元、肝俞,气海、血海、足三里,地机、太冲、太溪,肾俞、命门、关元,中极、次髎、三阴交,E
本案例的诊断是____,皮炎,瘾疹,蛇串疮,风疹,丹毒,C
本案例针灸治疗，选取的主要经脉是____,足厥阴经,足太阴经,足阳明经,手少阳经,督脉,A
本案例辨证分型属于____,脾胃湿热,气血瘀滞,肺经风热,冲任不调,以上都不是,A
本案例除主穴外，还应配伍的穴位是____,少商、尺泽,三阴交、合谷,血海、膈俞,足三里、阴陵泉,以上都不是,D
本案例针灸治疗，除主穴外，还应配用的穴位是____,肝俞、太冲,丰隆、中脘,肝俞、肾俞,乳根、屋翳,以上都不是,A
治疗鼻渊之湿热阻窍者，宜配____,曲池、阳陵泉,曲池、阴陵泉,尺泽、少商,尺泽、鱼际,尺泽、曲泽,B
治疗虚脱应主选的经穴是____,任脉、督脉及手厥阴经穴,任脉、督脉及手少阴经穴,任脉、督脉及足厥阴经穴,手厥阴及足厥阴经穴,手太阴及手厥阴经穴,A
治疗戒毒综合征兼见肌肉抽搐者，可在基础方的基础上加____,太冲,肾俞,肝俞,阳陵泉,涌泉,D
治疗晕厥的主穴，不包括____,水沟,百会,中冲,内关,涌泉,D
治疗肾绞痛的主穴，除京门、肾俞外，还包括____,中极、膀胱俞、阴陵泉,中极、膀胱俞、三阴交,三焦俞、膀胱俞、阴陵泉,三焦俞、三阴交、阴陵泉,三焦俞、三阴交、阳陵泉,B
下列疾病是周期性瘫痪需要与之鉴别的是____,急性脊髓炎,运动神经元病,脊髓灰质炎,全身性重症肌无力,急性炎性脱髓鞘性神经根神经病,E
MS 的病变部位不包括____,小脑,脊髓,周围神经,大脑半球白质,脑干,C
重症肌无力最常见受累的肌肉是____,呼吸肌,四肢肌,眼外肌,咽喉肌,咀嚼肌,C
患者女，60 岁。耳鸣耳聋 10 余年，耳中如蝉鸣，时作时止，按之鸣声减弱，劳累后加剧，伴头晕，五心烦热，腰膝酸软，盗汗遗精，舌红少津，苔少，脉细弱。此病诊断是____,耳鸣,头晕,盗汗,遗精,阴虚,A
患者女，60 岁。耳鸣耳聋 10 余年，耳中如蝉鸣，时作时止，按之鸣声减弱，劳累后加剧，伴头晕，五心烦热，腰膝酸软，盗汗遗精，舌红少津，苔少，脉细弱。此病辨证分型是____,肝胆火盛,外感风邪,肾精亏虚,脾胃虚弱,湿热阻窍,C
在脑栓塞病因的心源性之中，最常见的是____,风湿性心脏病,病毒性心肌炎,心脏黏液瘤,心肌梗死,心房颤动,E
入上齿中”的经脉是____,手太阴肺经,手阳明大肠经,足阳明胃经,手少阳三焦经,手太阳小肠经,C
标本理论强调____,强调经脉分布上下部位的相应关系,强调经气两极间的关系,强调了经气的组成和来源,强调了头、胸、腹、胫部有经脉之气聚集循行的通路,强调了十二经中表里两经的联系,A
根结理论强调____,强调经脉分布上下部位的相应关系,强调经气两极间的关系,强调了经气的组成和来源,强调了头、胸、腹、胫部有经脉之气聚集循行的通路,强调了十二经中表里两经的联系,B
腋前纹头至肘横纹的骨度分寸是____,6 寸,8 寸,9 寸,12 寸,13 寸,C
肘横纹至腕掌侧横纹的骨度分寸是____,6 寸,8 寸,9 寸,12 寸,13 寸,D
以上是中府穴针刺操作的是____,向外侧斜刺或平刺 0.5～0.8寸，不可向内侧深刺，以免伤及胸膜和肺脏，引起气胸,直刺 0.5～1寸,直刺 0.5～0.8寸,直刺 0.3～0.5寸,向肘部斜刺 0.2～0.3寸，针感局部酸胀或向前臂放射。此处皮肉浅薄，穴下有桡动脉，一般不主张艾灸，更不宜直接灸、化脓灸,A
以上是列缺穴针刺操作的是____,向外侧斜刺或平刺 0.5～0.8寸，不可向内侧深刺，以免伤及胸膜和肺脏，引起气胸,直刺 0.5～1寸,直刺 0.5～0.8寸,直刺 0.3～0.5寸,向肘部斜刺 0.2～0.3寸，针感局部酸胀或向前臂放射。此处皮肉浅薄，穴下有桡动脉，一般不主张艾灸，更不宜直接灸、化脓灸,E
头面部穴位注射的剂量是____,0.1ml,0.3～0.5ml,1～2ml,0.5～1ml,2～5ml,B
胸背部穴位注射的剂量是____,0.1ml,0.3～0.5ml,1～2ml,0.5～1ml,2～5ml,D
在五行属土，又为原穴的腧穴是____,委中,足三里,足临泣,涌泉,太白,E
在五行属木，又为八脉交会穴的腧穴是____,委中,足三里,足临泣,涌泉,太白,C
治疗戒毒综合征兼见肝风扰动，宜配____,太冲、侠溪,脾俞、肾俞,心俞、肾俞,天枢、上巨虚,中冲、涌泉,A
治疗戒毒综合征兼见烦躁惊厥，宜配____,太冲、侠溪,脾俞、肾俞,心俞、肾俞,天枢、上巨虚,中冲、涌泉,E
治疗虚脱之亡阳者，宜配____,气海、足三里,太溪、涌泉,中冲、涌泉,合谷、复溜,命门、三阴交,A
治疗虚脱之亡阴者，宜配____,气海、足三里,太溪、涌泉,中冲、涌泉,合谷、复溜,命门、三阴交,B
针灸治疗痛经实证应选取哪些经穴为主____,任脉、足少阴经穴,任脉、足厥阴经穴,任脉、足太阴经穴,冲脉、足厥阴经穴,督脉、足厥阴经穴,C
针灸治疗胎位不正的主穴是____,足三里,三阴交,至阴,肝俞,肾俞,C
带下病主要与哪些经脉相关____,任脉、督脉,任脉、冲脉,任脉、带脉,冲脉、带脉,冲脉、督脉,C
治疗痄腮的配穴错误的是____,温毒在表配风池、少商,热毒蕴结配商阳、曲池、大椎,温毒内陷配劳宫、曲泉、大敦,睾丸肿痛配太冲、曲泉、蠡沟,神昏抽搐配百会、印堂、神阙,E
下列各项，不属于治疗乳痈选取的穴位是____,太溪,少泽,乳根,肩井,膻中,A
针灸治疗疔疮，选取的治疗原则是____,活血化瘀，消肿散结,调理冲任，软坚散结,清热解毒，消肿止痛,活血化瘀，消肿止痛,以上都不是,C
针灸治疗扭伤选取的腧穴属于____,阳明经,局部或邻近取穴,太阳经,少阳经,太阴经,B
针灸治疗耳鸣耳聋虚证，应以下列哪组腧穴为主____,合谷、外关、翳风、中渚,百会、听会、风池、中渚,耳门、听宫、太溪、照海,太溪、照海、完骨、翳风,太冲、太白、耳门、听会,C
针灸治疗牙痛选取的主穴是____,合谷、颊车、下关,颊车、大迎、下关,合谷、内关、颊车,曲池、合谷、大迎,曲池、风池、颊车,A
治疗咽喉肿痛之阴虚证，应以哪一经为主____,手太阴肺经,足厥阴肝经,足少阴肾经,手阳明大肠经,足阳明胃经,C
治疗高热的主穴，除十二井穴外，还包括____,大椎、曲池、合谷,大椎、合谷、太冲,曲泽、曲池、合谷,内关、神门、外关,内关、曲池、合谷,A
电针法治疗肥胖症，应选用的波型是____,疏密波,断续波,连续波,低频连续波,高频连续波,A
“阴脉之海”的功能是____,涵蓄十二经气血,调节六阳经经气,调节肢体运动,约束纵行躯干的诸条经脉,调节全身阴经经气,E
“血海”的功能是____,涵蓄十二经气血,调节六阳经经气,调节肢体运动,约束纵行躯干的诸条经脉,调节全身阴经经气,A
循喉咙，挟舌本”的经脉是____,手太阴肺经,足太阴脾经,足少阴肾经,手少阳三焦经,手太阳小肠经,C
有关奇穴，叙述正确的是____,无固定位置,无固定名称,又称为压痛点,又称为天应穴,多数对某些病证有特殊疗效,E
在外踝尖上 7 寸，腓骨前缘的是____,外丘,光明,阳交,悬钟,阳辅,A
在外踝尖上 7 寸，腓骨后缘的是____,外丘,光明,阳交,悬钟,阳辅,C
膀胱募穴是____,中极,气海,关元,阴交,血海,A
针刺人迎、扶突、廉泉，宜采用____,仰卧位,侧卧位,俯卧位,仰靠坐位,俯伏坐位,D
针刺京门、风市、环跳，宜采用____,仰卧位,侧卧位,俯卧位,仰靠坐位,俯伏坐位,B
患者感到胸痛、胸闷、气短、心慌、呼吸不畅，应考虑的是____,晕针,滞针,断针,弯针,气胸,E
在五行属水，又为合穴的腧穴是____,太溪,侠溪,少府,中府,阴陵泉,E
在五行属火，又为荥穴的腧穴是____,太溪,侠溪,少府,中府,阴陵泉,C
痹证的治疗除分部取穴外，行痹可配用的穴位是____,膈俞、血海,肾俞、关元,曲池、大椎,足三里、丰隆,以上都不是,A
在针灸治疗消渴的处方中，口干舌燥可选____,廉泉、承浆,内庭、地机,合谷、中脘,大椎、曲池,天枢、腹结,A
不寐的治疗原则是____,平肝潜阳，和胃化痰,调神理气，疏肝解郁,清心泻火，开窍定志,理气化痰，清心安神,调理跷脉，安神利眠,E
缺乳肝气郁滞者，宜加用____,中脘、内关,肝俞、膈俞,足三里、脾俞,中脘、足三里,太冲、内关,E
治疗咽喉肿痛之阴虚火旺者，可配用____,太溪、照海、鱼际,风池、外关,厉兑、鱼际,三阴交、复溜,复溜、扶突,A
蛛网膜下腔出血的主要原因是____,先天性动脉瘤,高血压动脉硬化,外伤,抗凝治疗,动静脉畸形,A
头针治疗眩晕可取____,额中线、额旁1线,顶中线、额旁1线,顶中线、枕下旁线,顶中线、枕上旁线,枕上正中线、枕下旁线,C
下列胸穴在五行配属中，属金的是____,少府,大陵,阳溪,后溪,经渠,E
在肾经上，又属郄穴的穴位是____,交信,温溜,都门,天井,复溜,A
前额两发角之间的骨度分寸是____,12寸,9寸,8寸,6寸,5寸,B
下列穴位除—外，都是治疗眩晕的基本处方用穴____,百会,风池,头维,大敦,绝骨,D